Transaction ID,Customer ID,Product Category,Product Name,Quantity,Unit Price,Total Amount,Purchase Date,Customer City,Payment Method,Month
T1,C158,Electronics,Headphones,4,3834,15336,2025-06-04,Multan,EasyPaisa,6
T2,C55,Beauty,Perfume,5,1561,7805,2025-06-08,Multan,Cash,6
T3,C50,Grocery,Cooking Oil,1,2290,2290,2025-11-08,Islamabad,Cash,11
T4,C276,Clothing,T-Shirt,4,3458,13832,2025-09-16,Karachi,JazzCash,9
T5,C262,Clothing,T-Shirt,2,4482,8964,2025-06-05,Islamabad,EasyPaisa,6
T6,C102,Grocery,Cooking Oil,4,1640,6560,2025-11-14,Multan,JazzCash,11
T7,C132,Electronics,Mobile Charger,4,3645,14580,2025-11-23,Faisalabad,EasyPaisa,11
T8,C221,Beauty,Face Wash,4,3365,13460,2025-10-17,Faisalabad,Cash,10
T9,C19,Electronics,Headphones,3,1001,3003,2025-04-23,Islamabad,EasyPaisa,4
T10,C140,Home Appliances,Microwave,1,1630,1630,2025-05-31,Lahore,Card,5
T11,C53,Grocery,Rice Bag,1,3007,3007,2025-05-04,Karachi,Card,5
T12,C281,Clothing,Jeans,5,1364,6820,2025-01-28,Karachi,Card,1
T13,C93,Beauty,Face Wash,2,2487,4974,2025-06-17,Faisalabad,EasyPaisa,6
T14,C95,Electronics,Headphones,4,3439,13756,2025-10-04,Lahore,JazzCash,10
T15,C108,Electronics,Headphones,4,1524,6096,2025-11-03,Karachi,Cash,11
T16,C108,Home Appliances,Microwave,3,1596,4788,2025-06-06,Islamabad,Card,6
T17,C133,Grocery,Cooking Oil,1,2297,2297,2025-07-17,Islamabad,Cash,7
T18,C95,Grocery,Rice Bag,5,4232,21160,2025-04-14,Multan,Card,4
T19,C83,Beauty,Perfume,4,2501,10004,2025-11-15,Multan,EasyPaisa,11
T20,C215,Clothing,Jeans,3,2067,6201,2025-02-27,Islamabad,JazzCash,2
T21,C217,Clothing,Jeans,5,4356,21780,2025-10-07,Islamabad,EasyPaisa,10
T22,C224,Clothing,T-Shirt,4,2140,8560,2025-04-19,Islamabad,Cash,4
T23,C102,Electronics,Mobile Charger,2,4897,9794,2025-08-31,Multan,JazzCash,8
T24,C204,Beauty,Perfume,4,4972,19888,2025-06-08,Karachi,Cash,6
T25,C210,Clothing,Jeans,3,4160,12480,2025-03-05,Lahore,EasyPaisa,3
T26,C214,Electronics,Mobile Charger,4,547,2188,2025-04-04,Islamabad,JazzCash,4
T27,C223,Home Appliances,Blender,1,4735,4735,2025-07-05,Multan,EasyPaisa,7
T28,C126,Home Appliances,Microwave,5,1925,9625,2025-05-30,Faisalabad,Cash,5
T29,C39,Clothing,T-Shirt,3,1762,5286,2025-10-09,Multan,Card,10
T30,C290,Beauty,Face Wash,4,2183,8732,2025-02-05,Multan,Cash,2
T31,C274,Home Appliances,Blender,3,3224,9672,2025-05-28,Multan,EasyPaisa,5
T32,C68,Home Appliances,Blender,3,3882,11646,2025-12-21,Islamabad,Cash,12
T33,C152,Beauty,Perfume,2,4473,8946,2025-05-14,Faisalabad,Cash,5
T34,C180,Grocery,Cooking Oil,4,4603,18412,2025-02-11,Karachi,Cash,2
T35,C138,Grocery,Cooking Oil,4,875,3500,2025-03-17,Multan,Card,3
T36,C296,Home Appliances,Blender,3,3239,9717,2025-06-16,Islamabad,Card,6
T37,C23,Clothing,T-Shirt,2,4206,8412,2025-11-04,Lahore,Cash,11
T38,C3,Electronics,Mobile Charger,4,3145,12580,2025-03-04,Multan,EasyPaisa,3
T39,C93,Clothing,T-Shirt,3,785,2355,2025-01-08,Faisalabad,Card,1
T40,C95,Grocery,Rice Bag,5,3575,17875,2025-10-25,Karachi,EasyPaisa,10
T41,C135,Clothing,Jeans,4,889,3556,2025-03-22,Karachi,EasyPaisa,3
T42,C44,Grocery,Cooking Oil,5,1419,7095,2025-02-01,Multan,Card,2
T43,C205,Beauty,Perfume,5,863,4315,2025-06-14,Karachi,EasyPaisa,6
T44,C211,Electronics,Mobile Charger,2,2167,4334,2025-10-19,Lahore,JazzCash,10
T45,C255,Grocery,Cooking Oil,4,2555,10220,2025-10-20,Karachi,Card,10
T46,C21,Beauty,Perfume,1,1213,1213,2025-01-13,Karachi,Cash,1
T47,C120,Grocery,Rice Bag,5,4586,22930,2025-03-28,Islamabad,Cash,3
T48,C59,Beauty,Perfume,4,3702,14808,2025-01-04,Karachi,Card,1
T49,C6,Home Appliances,Blender,2,3530,7060,2025-01-16,Karachi,Cash,1
T50,C138,Grocery,Rice Bag,2,1572,3144,2025-12-18,Multan,Cash,12
T51,C148,Clothing,Jeans,2,4843,9686,2025-06-24,Multan,Cash,6
T52,C202,Beauty,Face Wash,4,2252,9008,2025-11-20,Multan,Card,11
T53,C16,Home Appliances,Microwave,1,4416,4416,2025-02-27,Karachi,JazzCash,2
T54,C242,Beauty,Face Wash,4,4242,16968,2025-01-26,Multan,Card,1
T55,C206,Grocery,Cooking Oil,1,1654,1654,2025-09-08,Karachi,JazzCash,9
T56,C195,Electronics,Headphones,3,2016,6048,2025-04-03,Faisalabad,JazzCash,4
T57,C297,Electronics,Mobile Charger,1,3619,3619,2025-03-28,Islamabad,EasyPaisa,3
T58,C69,Home Appliances,Blender,1,4796,4796,2025-01-25,Multan,JazzCash,1
T59,C111,Grocery,Cooking Oil,3,3958,11874,2025-01-17,Islamabad,JazzCash,1
T60,C296,Beauty,Perfume,1,2047,2047,2025-07-09,Islamabad,JazzCash,7
T61,C167,Home Appliances,Blender,5,2401,12005,2025-11-21,Faisalabad,JazzCash,11
T62,C206,Electronics,Mobile Charger,5,4582,22910,2025-12-31,Faisalabad,JazzCash,12
T63,C2,Electronics,Mobile Charger,4,4440,17760,2025-08-09,Karachi,Cash,8
T64,C198,Clothing,T-Shirt,3,3281,9843,2025-05-05,Multan,Card,5
T65,C248,Grocery,Cooking Oil,4,2542,10168,2025-11-14,Islamabad,EasyPaisa,11
T66,C107,Beauty,Face Wash,3,2803,8409,2025-09-20,Faisalabad,Card,9
T67,C56,Home Appliances,Microwave,3,871,2613,2025-03-21,Lahore,JazzCash,3
T68,C2,Clothing,T-Shirt,1,537,537,2025-01-30,Multan,Cash,1
T69,C289,Electronics,Mobile Charger,1,2129,2129,2025-10-25,Multan,Card,10
T70,C14,Grocery,Rice Bag,3,3180,9540,2025-12-02,Multan,Cash,12
T71,C82,Grocery,Cooking Oil,4,1010,4040,2025-08-27,Karachi,JazzCash,8
T72,C199,Home Appliances,Blender,3,2501,7503,2025-07-26,Faisalabad,EasyPaisa,7
T73,C291,Clothing,Jeans,2,4634,9268,2025-05-27,Faisalabad,EasyPaisa,5
T74,C174,Home Appliances,Blender,5,3705,18525,2025-09-28,Multan,EasyPaisa,9
T75,C243,Electronics,Headphones,3,4154,12462,2025-07-07,Faisalabad,EasyPaisa,7
T76,C145,Home Appliances,Blender,4,1867,7468,2025-01-08,Faisalabad,EasyPaisa,1
T77,C253,Electronics,Headphones,3,1520,4560,2025-02-20,Faisalabad,Cash,2
T78,C25,Beauty,Perfume,1,1123,1123,2025-04-21,Islamabad,Card,4
T79,C105,Beauty,Perfume,4,3162,12648,2025-09-16,Faisalabad,EasyPaisa,9
T80,C94,Home Appliances,Blender,3,4039,12117,2025-05-06,Faisalabad,Card,5
T81,C255,Grocery,Rice Bag,5,4618,23090,2025-11-08,Faisalabad,JazzCash,11
T82,C200,Electronics,Headphones,4,3339,13356,2025-03-22,Karachi,Cash,3
T83,C17,Grocery,Rice Bag,1,4932,4932,2025-12-28,Karachi,EasyPaisa,12
T84,C287,Grocery,Rice Bag,1,539,539,2025-06-11,Islamabad,EasyPaisa,6
T85,C102,Grocery,Rice Bag,3,2915,8745,2025-06-12,Multan,JazzCash,6
T86,C29,Clothing,Jeans,4,565,2260,2025-12-07,Faisalabad,Card,12
T87,C160,Clothing,Jeans,4,1914,7656,2025-04-22,Faisalabad,Card,4
T88,C142,Electronics,Mobile Charger,3,4208,12624,2025-08-19,Islamabad,EasyPaisa,8
T89,C18,Clothing,T-Shirt,4,1220,4880,2025-01-28,Multan,JazzCash,1
T90,C76,Home Appliances,Blender,3,4031,12093,2025-04-20,Multan,EasyPaisa,4
T91,C137,Home Appliances,Microwave,1,3038,3038,2025-10-25,Lahore,Card,10
T92,C46,Home Appliances,Microwave,4,1772,7088,2025-05-14,Karachi,Card,5
T93,C75,Electronics,Headphones,2,1593,3186,2025-01-07,Islamabad,EasyPaisa,1
T94,C223,Grocery,Cooking Oil,3,3910,11730,2025-10-22,Islamabad,Card,10
T95,C157,Grocery,Cooking Oil,1,4501,4501,2025-01-31,Lahore,Card,1
T96,C147,Electronics,Mobile Charger,3,754,2262,2025-09-27,Lahore,JazzCash,9
T97,C209,Electronics,Mobile Charger,3,3585,10755,2025-10-02,Faisalabad,Cash,10
T98,C126,Electronics,Mobile Charger,2,4966,9932,2025-06-01,Lahore,Cash,6
T99,C193,Clothing,T-Shirt,4,1805,7220,2025-12-26,Islamabad,JazzCash,12
T100,C185,Home Appliances,Blender,1,3639,3639,2025-08-12,Faisalabad,EasyPaisa,8
T101,C64,Clothing,Jeans,5,1314,6570,2025-04-07,Faisalabad,Card,4
T102,C222,Electronics,Mobile Charger,4,2809,11236,2025-01-31,Islamabad,Cash,1
T103,C63,Clothing,Jeans,2,4819,9638,2025-09-09,Multan,EasyPaisa,9
T104,C118,Beauty,Perfume,5,3683,18415,2025-05-13,Lahore,Cash,5
T105,C17,Home Appliances,Blender,2,4826,9652,2025-04-20,Lahore,Card,4
T106,C187,Beauty,Face Wash,2,1262,2524,2025-03-08,Faisalabad,JazzCash,3
T107,C270,Home Appliances,Microwave,1,986,986,2025-07-10,Islamabad,Card,7
T108,C258,Home Appliances,Blender,2,2575,5150,2025-02-10,Multan,Card,2
T109,C102,Grocery,Rice Bag,4,4211,16844,2025-02-20,Multan,EasyPaisa,2
T110,C202,Grocery,Cooking Oil,3,1156,3468,2025-12-16,Islamabad,Cash,12
T111,C151,Electronics,Headphones,4,2353,9412,2025-03-25,Multan,Cash,3
T112,C264,Grocery,Rice Bag,1,4247,4247,2025-07-07,Faisalabad,Cash,7
T113,C188,Grocery,Rice Bag,3,3936,11808,2025-08-28,Lahore,EasyPaisa,8
T114,C168,Grocery,Rice Bag,4,1821,7284,2025-01-20,Faisalabad,JazzCash,1
T115,C274,Beauty,Perfume,5,1444,7220,2025-08-08,Lahore,Cash,8
T116,C176,Electronics,Mobile Charger,3,2725,8175,2025-03-18,Lahore,JazzCash,3
T117,C293,Clothing,Jeans,3,3950,11850,2025-07-04,Multan,JazzCash,7
T118,C291,Home Appliances,Microwave,3,2493,7479,2025-06-16,Islamabad,Cash,6
T119,C193,Clothing,T-Shirt,3,2906,8718,2025-04-26,Karachi,JazzCash,4
T120,C37,Electronics,Mobile Charger,3,1542,4626,2025-09-27,Islamabad,JazzCash,9
T121,C81,Electronics,Headphones,4,4018,16072,2025-08-03,Lahore,EasyPaisa,8
T122,C288,Electronics,Headphones,2,1697,3394,2025-11-24,Lahore,Card,11
T123,C80,Clothing,T-Shirt,3,3025,9075,2025-01-06,Karachi,EasyPaisa,1
T124,C189,Electronics,Mobile Charger,3,1718,5154,2025-09-02,Faisalabad,Cash,9
T125,C15,Clothing,T-Shirt,2,4179,8358,2025-12-03,Karachi,Cash,12
T126,C123,Beauty,Perfume,5,769,3845,2025-08-08,Multan,Cash,8
T127,C35,Grocery,Rice Bag,4,4728,18912,2025-11-13,Lahore,EasyPaisa,11
T128,C105,Home Appliances,Blender,3,2122,6366,2025-11-03,Lahore,JazzCash,11
T129,C238,Grocery,Rice Bag,2,4299,8598,2025-07-24,Faisalabad,Card,7
T130,C194,Beauty,Face Wash,3,3075,9225,2025-05-27,Karachi,Cash,5
T131,C116,Beauty,Perfume,2,3397,6794,2025-04-13,Multan,Cash,4
T132,C92,Clothing,T-Shirt,3,3279,9837,2025-08-21,Multan,Card,8
T133,C149,Clothing,T-Shirt,1,981,981,2025-05-21,Lahore,EasyPaisa,5
T134,C152,Electronics,Headphones,4,1202,4808,2025-09-17,Lahore,EasyPaisa,9
T135,C76,Clothing,T-Shirt,4,2733,10932,2025-03-20,Multan,Card,3
T136,C73,Electronics,Mobile Charger,2,3269,6538,2025-03-26,Lahore,Card,3
T137,C201,Grocery,Cooking Oil,5,1562,7810,2025-11-13,Faisalabad,Card,11
T138,C289,Grocery,Rice Bag,5,4507,22535,2025-01-08,Islamabad,Card,1
T139,C220,Clothing,T-Shirt,3,2743,8229,2025-04-01,Multan,JazzCash,4
T140,C235,Home Appliances,Microwave,4,4729,18916,2025-11-01,Faisalabad,EasyPaisa,11
T141,C97,Electronics,Mobile Charger,4,4862,19448,2025-04-04,Multan,Card,4
T142,C185,Grocery,Cooking Oil,1,4974,4974,2025-03-19,Lahore,JazzCash,3
T143,C223,Grocery,Rice Bag,4,1796,7184,2025-04-04,Karachi,Card,4
T144,C76,Clothing,T-Shirt,4,1688,6752,2025-01-16,Multan,JazzCash,1
T145,C78,Home Appliances,Microwave,4,2279,9116,2025-11-14,Faisalabad,Cash,11
T146,C207,Clothing,Jeans,5,976,4880,2025-04-07,Faisalabad,Cash,4
T147,C274,Electronics,Headphones,1,2970,2970,2025-03-04,Karachi,Cash,3
T148,C251,Clothing,Jeans,1,4442,4442,2025-09-27,Lahore,EasyPaisa,9
T149,C56,Grocery,Cooking Oil,4,2523,10092,2025-02-06,Karachi,Card,2
T150,C57,Beauty,Face Wash,1,2599,2599,2025-06-10,Islamabad,Cash,6
T151,C272,Home Appliances,Microwave,4,2106,8424,2025-10-18,Faisalabad,EasyPaisa,10
T152,C21,Clothing,Jeans,5,4449,22245,2025-10-08,Lahore,EasyPaisa,10
T153,C216,Grocery,Rice Bag,5,3795,18975,2025-01-15,Faisalabad,Cash,1
T154,C161,Grocery,Rice Bag,2,3798,7596,2025-09-14,Faisalabad,EasyPaisa,9
T155,C278,Grocery,Rice Bag,3,621,1863,2025-02-02,Multan,Cash,2
T156,C122,Beauty,Perfume,4,4808,19232,2025-11-01,Faisalabad,EasyPaisa,11
T157,C199,Clothing,T-Shirt,2,2583,5166,2025-12-04,Multan,JazzCash,12
T158,C214,Grocery,Cooking Oil,3,4786,14358,2025-11-11,Karachi,Cash,11
T159,C251,Home Appliances,Blender,5,4703,23515,2025-09-01,Karachi,Cash,9
T160,C61,Grocery,Cooking Oil,5,2829,14145,2025-07-22,Karachi,EasyPaisa,7
T161,C160,Home Appliances,Blender,5,2478,12390,2025-07-08,Islamabad,EasyPaisa,7
T162,C145,Clothing,T-Shirt,5,2778,13890,2025-08-19,Islamabad,Cash,8
T163,C113,Grocery,Rice Bag,3,1772,5316,2025-06-11,Lahore,Card,6
T164,C281,Grocery,Rice Bag,1,3299,3299,2025-10-22,Lahore,EasyPaisa,10
T165,C234,Grocery,Cooking Oil,5,4866,24330,2025-03-19,Multan,JazzCash,3
T166,C175,Beauty,Face Wash,2,2513,5026,2025-11-10,Multan,JazzCash,11
T167,C15,Clothing,T-Shirt,5,1232,6160,2025-12-29,Multan,Cash,12
T168,C1,Electronics,Headphones,2,1573,3146,2025-10-11,Islamabad,Card,10
T169,C176,Home Appliances,Microwave,2,4445,8890,2025-05-19,Karachi,EasyPaisa,5
T170,C144,Electronics,Mobile Charger,5,1144,5720,2025-12-27,Multan,Cash,12
T171,C277,Electronics,Headphones,3,4356,13068,2025-02-26,Islamabad,JazzCash,2
T172,C129,Electronics,Mobile Charger,5,1850,9250,2025-03-14,Karachi,EasyPaisa,3
T173,C62,Clothing,T-Shirt,5,2894,14470,2025-10-04,Islamabad,Card,10
T174,C166,Clothing,Jeans,2,707,1414,2025-06-19,Islamabad,JazzCash,6
T175,C285,Beauty,Face Wash,5,2640,13200,2025-06-03,Islamabad,EasyPaisa,6
T176,C81,Home Appliances,Microwave,5,3026,15130,2025-08-25,Faisalabad,Card,8
T177,C85,Grocery,Cooking Oil,3,1468,4404,2025-05-28,Faisalabad,EasyPaisa,5
T178,C201,Clothing,T-Shirt,4,652,2608,2025-02-23,Faisalabad,EasyPaisa,2
T179,C56,Grocery,Rice Bag,2,2829,5658,2025-03-27,Multan,EasyPaisa,3
T180,C181,Home Appliances,Blender,5,2062,10310,2025-10-18,Lahore,JazzCash,10
T181,C238,Home Appliances,Microwave,4,3766,15064,2025-08-26,Islamabad,EasyPaisa,8
T182,C53,Clothing,T-Shirt,3,2619,7857,2025-01-11,Islamabad,Cash,1
T183,C236,Beauty,Perfume,1,2879,2879,2025-10-21,Karachi,EasyPaisa,10
T184,C241,Beauty,Perfume,1,2006,2006,2025-08-06,Lahore,Cash,8
T185,C167,Beauty,Face Wash,1,4999,4999,2025-03-23,Islamabad,EasyPaisa,3
T186,C50,Clothing,Jeans,1,2768,2768,2025-05-07,Faisalabad,EasyPaisa,5
T187,C185,Beauty,Face Wash,4,2203,8812,2025-09-22,Lahore,JazzCash,9
T188,C20,Grocery,Cooking Oil,1,2494,2494,2025-05-27,Faisalabad,EasyPaisa,5
T189,C152,Electronics,Mobile Charger,1,1438,1438,2025-11-13,Islamabad,Card,11
T190,C217,Home Appliances,Microwave,3,2282,6846,2025-09-08,Karachi,Card,9
T191,C217,Grocery,Rice Bag,3,1233,3699,2025-05-18,Karachi,EasyPaisa,5
T192,C271,Grocery,Rice Bag,1,3881,3881,2025-03-02,Faisalabad,JazzCash,3
T193,C178,Home Appliances,Blender,5,646,3230,2025-09-10,Lahore,JazzCash,9
T194,C234,Beauty,Perfume,4,1864,7456,2025-09-16,Islamabad,JazzCash,9
T195,C286,Grocery,Cooking Oil,3,3215,9645,2025-12-11,Islamabad,Card,12
T196,C106,Clothing,T-Shirt,3,1150,3450,2025-05-05,Islamabad,EasyPaisa,5
T197,C272,Home Appliances,Blender,4,3885,15540,2025-09-17,Faisalabad,JazzCash,9
T198,C246,Beauty,Perfume,2,1122,2244,2025-08-15,Multan,EasyPaisa,8
T199,C86,Clothing,T-Shirt,2,4008,8016,2025-03-31,Islamabad,EasyPaisa,3
T200,C174,Electronics,Headphones,3,730,2190,2025-01-02,Faisalabad,Card,1
T201,C216,Electronics,Mobile Charger,1,2844,2844,2025-05-26,Karachi,Card,5
T202,C241,Electronics,Headphones,4,1206,4824,2025-01-10,Faisalabad,EasyPaisa,1
T203,C62,Home Appliances,Blender,1,560,560,2025-12-30,Lahore,EasyPaisa,12
T204,C31,Clothing,Jeans,1,881,881,2025-05-03,Lahore,EasyPaisa,5
T205,C122,Electronics,Headphones,4,4910,19640,2025-02-08,Faisalabad,JazzCash,2
T206,C217,Beauty,Face Wash,3,3114,9342,2025-02-16,Karachi,Cash,2
T207,C168,Electronics,Mobile Charger,3,3813,11439,2025-08-02,Lahore,Cash,8
T208,C108,Grocery,Rice Bag,3,1055,3165,2025-04-18,Faisalabad,Cash,4
T209,C220,Home Appliances,Blender,3,3394,10182,2025-03-27,Islamabad,Cash,3
T210,C240,Electronics,Headphones,2,3688,7376,2025-01-28,Lahore,Cash,1
T211,C123,Grocery,Cooking Oil,1,1997,1997,2025-07-16,Faisalabad,EasyPaisa,7
T212,C258,Clothing,T-Shirt,2,1403,2806,2025-02-27,Karachi,JazzCash,2
T213,C171,Beauty,Face Wash,3,3537,10611,2025-02-05,Islamabad,EasyPaisa,2
T214,C24,Beauty,Face Wash,4,2062,8248,2025-07-28,Lahore,EasyPaisa,7
T215,C72,Electronics,Mobile Charger,5,1755,8775,2025-06-18,Faisalabad,Cash,6
T216,C293,Grocery,Rice Bag,5,917,4585,2025-01-25,Islamabad,Cash,1
T217,C171,Electronics,Mobile Charger,1,3756,3756,2025-05-28,Islamabad,Card,5
T218,C44,Grocery,Rice Bag,4,4392,17568,2025-03-30,Karachi,Card,3
T219,C24,Beauty,Perfume,2,3152,6304,2025-02-17,Karachi,EasyPaisa,2
T220,C51,Clothing,Jeans,5,4970,24850,2025-04-17,Lahore,EasyPaisa,4
T221,C101,Grocery,Cooking Oil,2,4841,9682,2025-12-17,Faisalabad,Card,12
T222,C203,Clothing,T-Shirt,5,752,3760,2025-02-08,Karachi,EasyPaisa,2
T223,C262,Grocery,Cooking Oil,5,1863,9315,2025-06-04,Lahore,JazzCash,6
T224,C74,Home Appliances,Blender,1,1751,1751,2025-11-13,Karachi,EasyPaisa,11
T225,C215,Home Appliances,Microwave,4,1635,6540,2025-09-16,Faisalabad,JazzCash,9
T226,C178,Beauty,Perfume,4,686,2744,2025-12-05,Islamabad,EasyPaisa,12
T227,C225,Beauty,Face Wash,2,2283,4566,2025-06-06,Karachi,EasyPaisa,6
T228,C5,Electronics,Headphones,5,1392,6960,2025-05-19,Islamabad,Card,5
T229,C167,Grocery,Rice Bag,2,4840,9680,2025-04-15,Karachi,Card,4
T230,C265,Grocery,Cooking Oil,4,3606,14424,2025-05-02,Lahore,JazzCash,5
T231,C247,Electronics,Mobile Charger,3,1191,3573,2025-12-22,Lahore,Cash,12
T232,C249,Beauty,Perfume,1,1432,1432,2025-12-14,Karachi,Card,12
T233,C280,Home Appliances,Blender,2,1779,3558,2025-06-26,Lahore,Card,6
T234,C203,Home Appliances,Microwave,1,4363,4363,2025-01-06,Multan,Cash,1
T235,C84,Home Appliances,Microwave,1,1220,1220,2025-03-11,Faisalabad,JazzCash,3
T236,C126,Beauty,Face Wash,3,639,1917,2025-07-30,Multan,EasyPaisa,7
T237,C118,Clothing,T-Shirt,3,3363,10089,2025-01-22,Lahore,Card,1
T238,C166,Electronics,Headphones,1,4998,4998,2025-12-31,Karachi,Card,12
T239,C275,Home Appliances,Blender,4,2003,8012,2025-02-03,Karachi,Cash,2
T240,C79,Grocery,Rice Bag,5,2067,10335,2025-05-28,Lahore,JazzCash,5
T241,C26,Beauty,Face Wash,4,3561,14244,2025-12-19,Lahore,JazzCash,12
T242,C67,Clothing,T-Shirt,3,2845,8535,2025-04-01,Lahore,EasyPaisa,4
T243,C117,Grocery,Cooking Oil,4,2039,8156,2025-04-20,Karachi,Card,4
T244,C130,Home Appliances,Blender,3,1309,3927,2025-12-25,Multan,Cash,12
T245,C145,Clothing,Jeans,1,2552,2552,2025-10-21,Faisalabad,EasyPaisa,10
T246,C81,Grocery,Rice Bag,3,4053,12159,2025-11-16,Multan,EasyPaisa,11
T247,C119,Beauty,Perfume,3,3986,11958,2025-06-29,Islamabad,JazzCash,6
T248,C90,Home Appliances,Microwave,2,3652,7304,2025-04-28,Islamabad,Card,4
T249,C78,Electronics,Mobile Charger,1,3611,3611,2025-07-15,Lahore,Cash,7
T250,C142,Grocery,Cooking Oil,1,2816,2816,2025-09-07,Islamabad,EasyPaisa,9
T251,C267,Grocery,Rice Bag,1,740,740,2025-09-18,Karachi,Card,9
T252,C20,Clothing,T-Shirt,1,1994,1994,2025-02-26,Karachi,EasyPaisa,2
T253,C90,Home Appliances,Microwave,4,2543,10172,2025-03-03,Karachi,JazzCash,3
T254,C169,Home Appliances,Blender,1,2505,2505,2025-06-27,Faisalabad,Cash,6
T255,C224,Beauty,Face Wash,1,2738,2738,2025-10-25,Karachi,EasyPaisa,10
T256,C139,Clothing,T-Shirt,5,4841,24205,2025-05-14,Karachi,EasyPaisa,5
T257,C220,Grocery,Cooking Oil,1,1668,1668,2025-11-29,Faisalabad,Card,11
T258,C44,Home Appliances,Microwave,5,3541,17705,2025-01-26,Faisalabad,JazzCash,1
T259,C251,Grocery,Rice Bag,2,4136,8272,2025-12-06,Multan,JazzCash,12
T260,C133,Clothing,Jeans,1,4039,4039,2025-09-05,Karachi,Cash,9
T261,C292,Beauty,Face Wash,2,2094,4188,2025-06-21,Faisalabad,EasyPaisa,6
T262,C53,Clothing,T-Shirt,3,2831,8493,2025-05-22,Lahore,EasyPaisa,5
T263,C1,Electronics,Mobile Charger,4,1627,6508,2025-09-16,Karachi,JazzCash,9
T264,C226,Beauty,Perfume,2,2188,4376,2025-11-24,Faisalabad,JazzCash,11
T265,C232,Home Appliances,Microwave,1,1329,1329,2025-03-24,Faisalabad,Cash,3
T266,C254,Clothing,Jeans,4,4040,16160,2025-12-20,Karachi,Card,12
T267,C266,Beauty,Perfume,1,4152,4152,2025-05-24,Lahore,Cash,5
T268,C13,Grocery,Rice Bag,2,2669,5338,2025-11-09,Karachi,EasyPaisa,11
T269,C26,Electronics,Headphones,3,4763,14289,2025-12-04,Faisalabad,JazzCash,12
T270,C149,Beauty,Perfume,4,1896,7584,2025-03-13,Lahore,EasyPaisa,3
T271,C74,Home Appliances,Microwave,3,4227,12681,2025-04-29,Lahore,JazzCash,4
T272,C14,Electronics,Headphones,4,1480,5920,2025-09-11,Lahore,Cash,9
T273,C110,Clothing,T-Shirt,5,1271,6355,2025-10-16,Faisalabad,Cash,10
T274,C46,Beauty,Face Wash,2,2118,4236,2025-05-01,Lahore,Card,5
T275,C195,Beauty,Face Wash,5,1247,6235,2025-02-13,Islamabad,Card,2
T276,C19,Grocery,Rice Bag,5,1913,9565,2025-10-27,Karachi,Cash,10
T277,C225,Clothing,Jeans,4,2797,11188,2025-11-21,Faisalabad,Cash,11
T278,C53,Electronics,Mobile Charger,1,2356,2356,2025-03-10,Lahore,EasyPaisa,3
T279,C292,Beauty,Perfume,3,4380,13140,2025-03-27,Multan,Card,3
T280,C164,Grocery,Cooking Oil,2,2661,5322,2025-05-16,Faisalabad,Card,5
T281,C74,Beauty,Perfume,1,1793,1793,2025-11-06,Multan,Cash,11
T282,C27,Grocery,Rice Bag,3,1403,4209,2025-02-07,Lahore,JazzCash,2
T283,C56,Clothing,T-Shirt,2,3324,6648,2025-05-19,Karachi,Card,5
T284,C147,Clothing,Jeans,1,2873,2873,2025-11-10,Multan,EasyPaisa,11
T285,C123,Home Appliances,Blender,1,4970,4970,2025-04-01,Karachi,Card,4
T286,C199,Grocery,Rice Bag,5,2527,12635,2025-01-19,Islamabad,Card,1
T287,C145,Electronics,Headphones,3,3554,10662,2025-05-16,Faisalabad,JazzCash,5
T288,C41,Electronics,Mobile Charger,5,3848,19240,2025-04-03,Islamabad,JazzCash,4
T289,C122,Electronics,Mobile Charger,5,912,4560,2025-10-16,Islamabad,EasyPaisa,10
T290,C42,Electronics,Mobile Charger,4,1208,4832,2025-05-27,Islamabad,JazzCash,5
T291,C218,Home Appliances,Blender,5,1805,9025,2025-05-21,Multan,JazzCash,5
T292,C112,Grocery,Cooking Oil,4,3229,12916,2025-02-12,Faisalabad,JazzCash,2
T293,C222,Clothing,Jeans,4,2810,11240,2025-08-11,Karachi,JazzCash,8
T294,C143,Clothing,T-Shirt,5,1633,8165,2025-10-17,Karachi,Cash,10
T295,C214,Beauty,Perfume,5,685,3425,2025-05-09,Islamabad,EasyPaisa,5
T296,C52,Grocery,Cooking Oil,1,3595,3595,2025-07-07,Karachi,JazzCash,7
T297,C86,Electronics,Mobile Charger,4,2136,8544,2025-06-23,Karachi,JazzCash,6
T298,C153,Home Appliances,Blender,1,4875,4875,2025-07-09,Lahore,JazzCash,7
T299,C216,Home Appliances,Blender,5,3029,15145,2025-08-17,Multan,Card,8
T300,C141,Grocery,Cooking Oil,5,4638,23190,2025-09-29,Islamabad,EasyPaisa,9
T301,C193,Home Appliances,Microwave,1,4879,4879,2025-03-08,Islamabad,EasyPaisa,3
T302,C174,Electronics,Mobile Charger,2,2862,5724,2025-04-05,Karachi,Card,4
T303,C215,Grocery,Cooking Oil,4,3433,13732,2025-07-28,Karachi,Card,7
T304,C98,Home Appliances,Microwave,5,3295,16475,2025-11-17,Islamabad,Card,11
T305,C210,Home Appliances,Microwave,1,2568,2568,2025-02-22,Multan,EasyPaisa,2
T306,C258,Clothing,Jeans,1,1886,1886,2025-12-10,Multan,Card,12
T307,C163,Beauty,Perfume,3,2769,8307,2025-03-17,Karachi,JazzCash,3
T308,C291,Grocery,Rice Bag,2,3938,7876,2025-07-26,Islamabad,JazzCash,7
T309,C242,Clothing,Jeans,1,3740,3740,2025-07-07,Multan,EasyPaisa,7
T310,C45,Beauty,Perfume,4,961,3844,2025-12-26,Islamabad,Card,12
T311,C99,Grocery,Rice Bag,2,1110,2220,2025-02-16,Lahore,JazzCash,2
T312,C278,Electronics,Headphones,2,4772,9544,2025-06-01,Karachi,EasyPaisa,6
T313,C47,Beauty,Perfume,5,3081,15405,2025-05-09,Lahore,JazzCash,5
T314,C77,Grocery,Rice Bag,4,2878,11512,2025-05-14,Faisalabad,Cash,5
T315,C241,Grocery,Rice Bag,3,514,1542,2025-06-28,Faisalabad,EasyPaisa,6
T316,C71,Clothing,T-Shirt,2,4784,9568,2025-05-23,Karachi,Card,5
T317,C142,Home Appliances,Blender,4,598,2392,2025-03-31,Lahore,JazzCash,3
T318,C286,Beauty,Face Wash,2,4195,8390,2025-04-15,Faisalabad,Card,4
T319,C27,Electronics,Headphones,1,1846,1846,2025-06-04,Karachi,EasyPaisa,6
T320,C90,Clothing,Jeans,4,1728,6912,2025-06-15,Islamabad,JazzCash,6
T321,C171,Clothing,Jeans,3,1283,3849,2025-09-22,Karachi,Cash,9
T322,C98,Electronics,Headphones,5,3515,17575,2025-04-28,Islamabad,Card,4
T323,C189,Clothing,T-Shirt,3,2156,6468,2025-03-08,Multan,EasyPaisa,3
T324,C89,Home Appliances,Microwave,1,2417,2417,2025-05-29,Karachi,Card,5
T325,C53,Home Appliances,Blender,3,864,2592,2025-03-11,Faisalabad,JazzCash,3
T326,C108,Clothing,Jeans,2,3461,6922,2025-04-28,Karachi,Cash,4
T327,C259,Clothing,T-Shirt,2,1444,2888,2025-03-31,Faisalabad,Card,3
T328,C106,Electronics,Headphones,4,4171,16684,2025-11-17,Faisalabad,JazzCash,11
T329,C48,Home Appliances,Blender,1,1459,1459,2025-04-06,Karachi,JazzCash,4
T330,C64,Clothing,T-Shirt,1,4522,4522,2025-10-24,Lahore,Cash,10
T331,C228,Grocery,Cooking Oil,1,1539,1539,2025-01-15,Karachi,EasyPaisa,1
T332,C193,Beauty,Face Wash,5,969,4845,2025-11-05,Islamabad,Card,11
T333,C281,Grocery,Cooking Oil,5,2642,13210,2025-11-29,Multan,JazzCash,11
T334,C37,Home Appliances,Blender,5,1914,9570,2025-10-07,Multan,Cash,10
T335,C28,Home Appliances,Microwave,1,551,551,2025-12-08,Karachi,EasyPaisa,12
T336,C197,Electronics,Headphones,4,3704,14816,2025-05-23,Karachi,Card,5
T337,C13,Home Appliances,Microwave,2,4067,8134,2025-10-01,Multan,EasyPaisa,10
T338,C267,Electronics,Headphones,2,1381,2762,2025-12-30,Lahore,Cash,12
T339,C164,Clothing,Jeans,3,3525,10575,2025-10-23,Lahore,EasyPaisa,10
T340,C294,Beauty,Perfume,3,3860,11580,2025-04-11,Faisalabad,EasyPaisa,4
T341,C195,Home Appliances,Microwave,1,601,601,2025-01-28,Lahore,EasyPaisa,1
T342,C146,Home Appliances,Microwave,2,4848,9696,2025-03-18,Lahore,JazzCash,3
T343,C36,Beauty,Face Wash,3,4390,13170,2025-05-20,Islamabad,Cash,5
T344,C127,Clothing,Jeans,1,4953,4953,2025-02-08,Karachi,Cash,2
T345,C124,Electronics,Mobile Charger,2,2799,5598,2025-04-17,Multan,EasyPaisa,4
T346,C113,Home Appliances,Microwave,1,4447,4447,2025-11-05,Lahore,EasyPaisa,11
T347,C297,Electronics,Headphones,4,711,2844,2025-10-22,Karachi,Card,10
T348,C266,Clothing,T-Shirt,4,867,3468,2025-01-16,Faisalabad,Card,1
T349,C239,Grocery,Rice Bag,5,1537,7685,2025-05-15,Faisalabad,EasyPaisa,5
T350,C38,Home Appliances,Microwave,3,1485,4455,2025-03-02,Karachi,JazzCash,3
T351,C61,Clothing,Jeans,1,1735,1735,2025-04-11,Faisalabad,Cash,4
T352,C233,Clothing,Jeans,1,516,516,2025-04-18,Lahore,Card,4
T353,C120,Home Appliances,Microwave,2,1531,3062,2025-01-06,Faisalabad,JazzCash,1
T354,C159,Clothing,Jeans,2,4162,8324,2025-09-05,Karachi,Card,9
T355,C42,Beauty,Perfume,1,2712,2712,2025-08-07,Islamabad,EasyPaisa,8
T356,C62,Home Appliances,Microwave,5,1544,7720,2025-02-21,Multan,EasyPaisa,2
T357,C12,Electronics,Mobile Charger,3,4585,13755,2025-12-29,Faisalabad,EasyPaisa,12
T358,C276,Electronics,Mobile Charger,4,3563,14252,2025-02-06,Faisalabad,Card,2
T359,C194,Home Appliances,Microwave,1,972,972,2025-08-10,Lahore,JazzCash,8
T360,C247,Electronics,Headphones,4,4600,18400,2025-10-22,Islamabad,Cash,10
T361,C66,Clothing,T-Shirt,1,3793,3793,2025-04-07,Islamabad,EasyPaisa,4
T362,C70,Clothing,T-Shirt,3,2971,8913,2025-04-05,Islamabad,Cash,4
T363,C261,Clothing,T-Shirt,5,519,2595,2025-02-25,Lahore,Card,2
T364,C178,Home Appliances,Blender,3,2530,7590,2025-06-26,Karachi,EasyPaisa,6
T365,C209,Grocery,Rice Bag,5,3363,16815,2025-06-04,Islamabad,JazzCash,6
T366,C140,Clothing,T-Shirt,4,4037,16148,2025-06-06,Lahore,Cash,6
T367,C105,Beauty,Perfume,3,4740,14220,2025-11-29,Multan,Card,11
T368,C195,Grocery,Rice Bag,5,4373,21865,2025-04-07,Karachi,EasyPaisa,4
T369,C186,Beauty,Perfume,3,672,2016,2025-02-01,Lahore,JazzCash,2
T370,C258,Clothing,T-Shirt,2,2860,5720,2025-06-27,Faisalabad,Card,6
T371,C186,Clothing,T-Shirt,1,2001,2001,2025-11-23,Faisalabad,EasyPaisa,11
T372,C285,Beauty,Face Wash,3,1387,4161,2025-03-13,Karachi,JazzCash,3
T373,C152,Electronics,Mobile Charger,3,4587,13761,2025-08-11,Multan,EasyPaisa,8
T374,C83,Beauty,Face Wash,1,4769,4769,2025-05-03,Multan,EasyPaisa,5
T375,C186,Beauty,Perfume,2,2722,5444,2025-06-29,Faisalabad,JazzCash,6
T376,C55,Beauty,Face Wash,3,2500,7500,2025-09-08,Karachi,JazzCash,9
T377,C48,Home Appliances,Microwave,1,630,630,2025-08-28,Multan,EasyPaisa,8
T378,C243,Home Appliances,Microwave,2,2798,5596,2025-06-13,Islamabad,JazzCash,6
T379,C35,Electronics,Mobile Charger,2,4597,9194,2025-11-10,Lahore,EasyPaisa,11
T380,C25,Grocery,Rice Bag,2,536,1072,2025-02-09,Multan,EasyPaisa,2
T381,C77,Beauty,Perfume,5,705,3525,2025-01-05,Multan,Cash,1
T382,C234,Beauty,Perfume,3,2441,7323,2025-11-24,Islamabad,JazzCash,11
T383,C143,Electronics,Headphones,2,4287,8574,2025-07-18,Islamabad,EasyPaisa,7
T384,C108,Clothing,Jeans,2,2631,5262,2025-07-02,Faisalabad,EasyPaisa,7
T385,C200,Clothing,T-Shirt,4,4456,17824,2025-10-19,Faisalabad,JazzCash,10
T386,C122,Clothing,Jeans,5,4442,22210,2025-12-01,Karachi,Card,12
T387,C45,Grocery,Cooking Oil,2,618,1236,2025-10-11,Faisalabad,EasyPaisa,10
T388,C83,Beauty,Face Wash,2,2128,4256,2025-07-13,Faisalabad,EasyPaisa,7
T389,C207,Electronics,Headphones,5,845,4225,2025-07-29,Multan,JazzCash,7
T390,C10,Beauty,Face Wash,4,4555,18220,2025-08-11,Lahore,JazzCash,8
T391,C166,Grocery,Rice Bag,4,1501,6004,2025-02-02,Multan,JazzCash,2
T392,C290,Home Appliances,Blender,2,2157,4314,2025-03-01,Multan,Cash,3
T393,C198,Beauty,Perfume,2,2392,4784,2025-05-12,Karachi,EasyPaisa,5
T394,C265,Clothing,T-Shirt,4,4506,18024,2025-06-12,Karachi,JazzCash,6
T395,C216,Clothing,T-Shirt,3,733,2199,2025-10-17,Islamabad,JazzCash,10
T396,C192,Grocery,Rice Bag,3,2006,6018,2025-08-25,Lahore,JazzCash,8
T397,C198,Electronics,Mobile Charger,2,2671,5342,2025-05-06,Karachi,JazzCash,5
T398,C169,Beauty,Perfume,3,4567,13701,2025-07-03,Karachi,EasyPaisa,7
T399,C15,Grocery,Rice Bag,1,3644,3644,2025-08-01,Lahore,Card,8
T400,C273,Grocery,Cooking Oil,1,4458,4458,2025-01-01,Multan,Cash,1
T401,C2,Home Appliances,Microwave,4,2363,9452,2025-06-01,Lahore,EasyPaisa,6
T402,C68,Electronics,Mobile Charger,2,4566,9132,2025-03-01,Karachi,Cash,3
T403,C106,Clothing,T-Shirt,3,2846,8538,2025-04-08,Faisalabad,EasyPaisa,4
T404,C162,Home Appliances,Blender,3,1260,3780,2025-09-24,Karachi,Cash,9
T405,C233,Grocery,Rice Bag,3,2533,7599,2025-10-09,Karachi,Cash,10
T406,C42,Beauty,Face Wash,5,4432,22160,2025-03-05,Karachi,JazzCash,3
T407,C212,Grocery,Cooking Oil,2,3954,7908,2025-02-23,Karachi,Cash,2
T408,C13,Electronics,Mobile Charger,5,3390,16950,2025-01-22,Karachi,Cash,1
T409,C259,Electronics,Headphones,2,518,1036,2025-08-08,Lahore,EasyPaisa,8
T410,C295,Beauty,Perfume,2,1259,2518,2025-05-30,Karachi,EasyPaisa,5
T411,C232,Grocery,Cooking Oil,4,2927,11708,2025-02-12,Multan,Cash,2
T412,C116,Beauty,Perfume,4,1464,5856,2025-04-04,Karachi,JazzCash,4
T413,C218,Beauty,Face Wash,1,4553,4553,2025-06-07,Faisalabad,JazzCash,6
T414,C294,Electronics,Mobile Charger,2,922,1844,2025-04-12,Lahore,Cash,4
T415,C229,Home Appliances,Blender,2,3533,7066,2025-04-24,Multan,JazzCash,4
T416,C74,Electronics,Headphones,1,2562,2562,2025-03-02,Lahore,JazzCash,3
T417,C197,Clothing,Jeans,2,3943,7886,2025-09-01,Lahore,JazzCash,9
T418,C13,Beauty,Perfume,4,3811,15244,2025-08-06,Lahore,Cash,8
T419,C46,Grocery,Rice Bag,4,1775,7100,2025-07-25,Faisalabad,Cash,7
T420,C127,Clothing,Jeans,2,699,1398,2025-05-12,Faisalabad,Card,5
T421,C268,Beauty,Face Wash,5,2053,10265,2025-02-08,Islamabad,JazzCash,2
T422,C213,Grocery,Rice Bag,2,4080,8160,2025-03-18,Lahore,Card,3
T423,C23,Grocery,Cooking Oil,2,3076,6152,2025-06-11,Karachi,EasyPaisa,6
T424,C143,Grocery,Rice Bag,3,3026,9078,2025-06-15,Islamabad,JazzCash,6
T425,C207,Electronics,Mobile Charger,3,4929,14787,2025-02-13,Islamabad,EasyPaisa,2
T426,C20,Home Appliances,Microwave,4,767,3068,2025-08-22,Islamabad,EasyPaisa,8
T427,C275,Beauty,Perfume,1,4909,4909,2025-06-04,Lahore,Card,6
T428,C2,Clothing,T-Shirt,4,2438,9752,2025-05-03,Faisalabad,EasyPaisa,5
T429,C135,Home Appliances,Blender,1,3286,3286,2025-01-15,Faisalabad,JazzCash,1
T430,C296,Beauty,Face Wash,3,4055,12165,2025-09-28,Multan,Card,9
T431,C100,Clothing,T-Shirt,1,513,513,2025-03-07,Multan,Cash,3
T432,C223,Grocery,Rice Bag,3,1919,5757,2025-01-01,Lahore,JazzCash,1
T433,C148,Electronics,Headphones,4,1222,4888,2025-01-06,Islamabad,EasyPaisa,1
T434,C40,Beauty,Perfume,5,1442,7210,2025-11-15,Lahore,JazzCash,11
T435,C286,Electronics,Headphones,1,3578,3578,2025-07-13,Faisalabad,Card,7
T436,C125,Home Appliances,Blender,4,1357,5428,2025-03-30,Multan,EasyPaisa,3
T437,C238,Clothing,T-Shirt,2,2909,5818,2025-03-05,Multan,Card,3
T438,C286,Home Appliances,Microwave,5,3754,18770,2025-08-06,Multan,Cash,8
T439,C5,Clothing,Jeans,4,4599,18396,2025-02-10,Islamabad,JazzCash,2
T440,C34,Electronics,Headphones,2,4464,8928,2025-01-13,Islamabad,JazzCash,1
T441,C289,Beauty,Perfume,2,4566,9132,2025-04-27,Multan,JazzCash,4
T442,C111,Grocery,Cooking Oil,1,4529,4529,2025-04-09,Islamabad,Card,4
T443,C18,Electronics,Mobile Charger,2,2019,4038,2025-02-08,Lahore,Card,2
T444,C212,Electronics,Headphones,5,1485,7425,2025-12-27,Faisalabad,JazzCash,12
T445,C146,Beauty,Perfume,3,4815,14445,2025-12-11,Multan,JazzCash,12
T446,C149,Grocery,Rice Bag,5,1041,5205,2025-05-23,Multan,Card,5
T447,C262,Clothing,Jeans,1,3186,3186,2025-05-14,Faisalabad,EasyPaisa,5
T448,C75,Clothing,T-Shirt,5,4614,23070,2025-04-07,Multan,EasyPaisa,4
T449,C64,Electronics,Mobile Charger,4,4481,17924,2025-10-08,Lahore,JazzCash,10
T450,C111,Beauty,Face Wash,2,978,1956,2025-08-28,Faisalabad,EasyPaisa,8
T451,C157,Electronics,Headphones,3,3480,10440,2025-02-20,Lahore,Cash,2
T452,C60,Beauty,Perfume,3,2176,6528,2025-10-05,Lahore,Cash,10
T453,C251,Home Appliances,Microwave,2,2963,5926,2025-06-05,Multan,EasyPaisa,6
T454,C208,Home Appliances,Microwave,5,2718,13590,2025-09-27,Islamabad,EasyPaisa,9
T455,C128,Home Appliances,Microwave,1,2034,2034,2025-12-06,Islamabad,JazzCash,12
T456,C211,Grocery,Rice Bag,1,3498,3498,2025-11-03,Lahore,EasyPaisa,11
T457,C39,Home Appliances,Blender,3,2399,7197,2025-09-14,Faisalabad,Cash,9
T458,C229,Beauty,Perfume,2,3003,6006,2025-06-20,Multan,Cash,6
T459,C164,Home Appliances,Microwave,2,4947,9894,2025-12-29,Faisalabad,EasyPaisa,12
T460,C112,Electronics,Headphones,4,1177,4708,2025-01-27,Islamabad,JazzCash,1
T461,C134,Clothing,Jeans,3,2425,7275,2025-10-01,Islamabad,Cash,10
T462,C272,Beauty,Face Wash,4,561,2244,2025-11-12,Karachi,Cash,11
T463,C167,Grocery,Rice Bag,4,1666,6664,2025-03-15,Faisalabad,EasyPaisa,3
T464,C61,Beauty,Perfume,5,801,4005,2025-06-15,Multan,JazzCash,6
T465,C34,Grocery,Cooking Oil,4,4686,18744,2025-03-09,Islamabad,Card,3
T466,C85,Electronics,Headphones,1,4088,4088,2025-09-27,Faisalabad,JazzCash,9
T467,C241,Home Appliances,Blender,2,1529,3058,2025-05-22,Multan,Card,5
T468,C76,Beauty,Perfume,5,2831,14155,2025-05-17,Karachi,Cash,5
T469,C51,Beauty,Face Wash,4,2317,9268,2025-07-24,Islamabad,JazzCash,7
T470,C123,Home Appliances,Blender,2,1124,2248,2025-08-03,Karachi,Card,8
T471,C38,Grocery,Cooking Oil,3,4729,14187,2025-11-21,Multan,Cash,11
T472,C183,Grocery,Rice Bag,1,1207,1207,2025-07-27,Lahore,Card,7
T473,C245,Electronics,Mobile Charger,4,3240,12960,2025-12-13,Karachi,JazzCash,12
T474,C24,Home Appliances,Microwave,3,910,2730,2025-04-02,Lahore,JazzCash,4
T475,C201,Clothing,T-Shirt,3,3267,9801,2025-02-10,Faisalabad,JazzCash,2
T476,C194,Beauty,Perfume,1,3609,3609,2025-01-24,Lahore,Card,1
T477,C124,Electronics,Headphones,4,1109,4436,2025-05-01,Karachi,EasyPaisa,5
T478,C174,Grocery,Rice Bag,5,1303,6515,2025-05-27,Multan,JazzCash,5
T479,C147,Clothing,Jeans,1,789,789,2025-09-19,Multan,JazzCash,9
T480,C282,Clothing,Jeans,5,845,4225,2025-05-30,Karachi,Card,5
T481,C211,Home Appliances,Blender,5,3249,16245,2025-10-02,Lahore,Cash,10
T482,C292,Beauty,Face Wash,3,2514,7542,2025-08-12,Lahore,EasyPaisa,8
T483,C152,Clothing,T-Shirt,3,4963,14889,2025-05-25,Multan,Cash,5
T484,C62,Home Appliances,Blender,5,4502,22510,2025-05-24,Faisalabad,Card,5
T485,C226,Clothing,T-Shirt,3,2812,8436,2025-10-01,Multan,JazzCash,10
T486,C152,Clothing,Jeans,2,4677,9354,2025-11-02,Lahore,Cash,11
T487,C284,Clothing,T-Shirt,1,570,570,2025-03-19,Faisalabad,Card,3
T488,C258,Grocery,Cooking Oil,4,1148,4592,2025-07-30,Islamabad,Card,7
T489,C140,Electronics,Mobile Charger,3,3412,10236,2025-03-12,Faisalabad,Cash,3
T490,C27,Electronics,Mobile Charger,2,1508,3016,2025-02-18,Karachi,JazzCash,2
T491,C137,Home Appliances,Microwave,3,4642,13926,2025-03-13,Karachi,Card,3
T492,C219,Grocery,Rice Bag,3,2445,7335,2025-02-19,Karachi,Card,2
T493,C21,Grocery,Cooking Oil,5,4203,21015,2025-11-26,Islamabad,EasyPaisa,11
T494,C49,Clothing,Jeans,3,3276,9828,2025-10-20,Karachi,EasyPaisa,10
T495,C238,Home Appliances,Microwave,4,2216,8864,2025-07-01,Multan,EasyPaisa,7
T496,C5,Electronics,Headphones,2,3410,6820,2025-02-06,Multan,EasyPaisa,2
T497,C75,Electronics,Mobile Charger,2,1979,3958,2025-05-27,Multan,JazzCash,5
T498,C263,Electronics,Headphones,2,4646,9292,2025-03-22,Multan,EasyPaisa,3
T499,C113,Beauty,Face Wash,3,2313,6939,2025-12-22,Karachi,JazzCash,12
T500,C80,Beauty,Perfume,1,2386,2386,2025-01-22,Faisalabad,EasyPaisa,1
T501,C157,Grocery,Rice Bag,2,2923,5846,2025-03-20,Karachi,Card,3
T502,C68,Grocery,Rice Bag,2,820,1640,2025-02-27,Islamabad,Card,2
T503,C200,Home Appliances,Blender,2,524,1048,2025-10-16,Faisalabad,Cash,10
T504,C144,Grocery,Cooking Oil,2,563,1126,2025-11-04,Faisalabad,Cash,11
T505,C5,Electronics,Mobile Charger,1,2110,2110,2025-05-30,Multan,JazzCash,5
T506,C224,Clothing,T-Shirt,5,4327,21635,2025-11-25,Lahore,Card,11
T507,C256,Electronics,Headphones,4,3649,14596,2025-08-02,Karachi,EasyPaisa,8
T508,C296,Home Appliances,Blender,1,1793,1793,2025-10-16,Multan,EasyPaisa,10
T509,C126,Grocery,Rice Bag,2,598,1196,2025-01-10,Islamabad,JazzCash,1
T510,C135,Beauty,Perfume,5,4424,22120,2025-06-21,Faisalabad,JazzCash,6
T511,C276,Clothing,T-Shirt,1,4858,4858,2025-01-31,Multan,JazzCash,1
T512,C184,Grocery,Cooking Oil,5,1221,6105,2025-07-03,Faisalabad,Card,7
T513,C94,Home Appliances,Blender,2,3192,6384,2025-01-25,Islamabad,Cash,1
T514,C260,Grocery,Cooking Oil,1,4552,4552,2025-09-14,Karachi,JazzCash,9
T515,C227,Home Appliances,Microwave,2,1148,2296,2025-03-05,Faisalabad,EasyPaisa,3
T516,C271,Beauty,Perfume,2,816,1632,2025-04-05,Islamabad,EasyPaisa,4
T517,C49,Grocery,Rice Bag,1,4238,4238,2025-09-03,Lahore,JazzCash,9
T518,C26,Grocery,Rice Bag,3,2383,7149,2025-01-19,Islamabad,EasyPaisa,1
T519,C234,Clothing,Jeans,2,2528,5056,2025-02-18,Lahore,Card,2
T520,C24,Clothing,Jeans,4,3168,12672,2025-11-20,Islamabad,JazzCash,11
T521,C263,Home Appliances,Blender,4,4478,17912,2025-05-14,Multan,EasyPaisa,5
T522,C272,Clothing,T-Shirt,4,3640,14560,2025-08-26,Multan,Cash,8
T523,C146,Clothing,T-Shirt,1,3179,3179,2025-08-27,Lahore,Card,8
T524,C247,Grocery,Rice Bag,5,4634,23170,2025-12-31,Faisalabad,Cash,12
T525,C293,Clothing,Jeans,5,1831,9155,2025-08-11,Islamabad,Card,8
T526,C19,Home Appliances,Blender,2,2875,5750,2025-08-17,Faisalabad,JazzCash,8
T527,C74,Electronics,Mobile Charger,1,1244,1244,2025-06-04,Multan,Cash,6
T528,C217,Home Appliances,Microwave,1,1382,1382,2025-06-13,Faisalabad,Card,6
T529,C123,Beauty,Face Wash,4,1751,7004,2025-08-17,Lahore,EasyPaisa,8
T530,C292,Grocery,Cooking Oil,4,3618,14472,2025-03-25,Multan,Cash,3
T531,C89,Clothing,T-Shirt,3,2771,8313,2025-09-14,Lahore,Cash,9
T532,C97,Grocery,Rice Bag,3,4845,14535,2025-05-02,Lahore,Card,5
T533,C208,Grocery,Cooking Oil,4,3133,12532,2025-02-07,Islamabad,JazzCash,2
T534,C254,Electronics,Mobile Charger,3,644,1932,2025-09-08,Lahore,EasyPaisa,9
T535,C227,Electronics,Mobile Charger,1,1704,1704,2025-12-03,Islamabad,JazzCash,12
T536,C206,Grocery,Cooking Oil,2,1219,2438,2025-12-26,Karachi,Card,12
T537,C235,Home Appliances,Microwave,2,3108,6216,2025-06-17,Lahore,Cash,6
T538,C193,Electronics,Mobile Charger,1,1059,1059,2025-05-16,Islamabad,Cash,5
T539,C38,Beauty,Face Wash,5,1283,6415,2025-06-23,Multan,EasyPaisa,6
T540,C274,Grocery,Rice Bag,5,2762,13810,2025-04-15,Islamabad,EasyPaisa,4
T541,C279,Grocery,Cooking Oil,4,3968,15872,2025-07-08,Islamabad,JazzCash,7
T542,C16,Beauty,Perfume,1,1095,1095,2025-11-23,Islamabad,JazzCash,11
T543,C208,Electronics,Mobile Charger,2,3448,6896,2025-05-14,Multan,Cash,5
T544,C204,Electronics,Headphones,3,4056,12168,2025-08-12,Islamabad,JazzCash,8
T545,C227,Electronics,Mobile Charger,1,2211,2211,2025-12-31,Islamabad,Cash,12
T546,C216,Beauty,Perfume,4,2739,10956,2025-07-28,Multan,JazzCash,7
T547,C268,Clothing,T-Shirt,1,1126,1126,2025-04-24,Lahore,JazzCash,4
T548,C282,Beauty,Perfume,1,2418,2418,2025-12-11,Islamabad,Cash,12
T549,C131,Clothing,Jeans,5,3349,16745,2025-07-24,Lahore,Card,7
T550,C55,Electronics,Headphones,1,3426,3426,2025-04-14,Faisalabad,Cash,4
T551,C152,Electronics,Headphones,4,554,2216,2025-09-24,Karachi,JazzCash,9
T552,C164,Beauty,Perfume,3,1920,5760,2025-10-03,Faisalabad,EasyPaisa,10
T553,C156,Home Appliances,Microwave,3,2149,6447,2025-08-25,Multan,Card,8
T554,C240,Home Appliances,Microwave,3,3264,9792,2025-05-03,Lahore,EasyPaisa,5
T555,C32,Home Appliances,Microwave,3,3332,9996,2025-05-03,Karachi,Card,5
T556,C115,Clothing,Jeans,3,1444,4332,2025-09-04,Karachi,Cash,9
T557,C25,Beauty,Face Wash,1,4771,4771,2025-07-31,Lahore,Cash,7
T558,C75,Electronics,Headphones,2,1797,3594,2025-09-15,Islamabad,Card,9
T559,C230,Grocery,Cooking Oil,1,2553,2553,2025-06-22,Lahore,Cash,6
T560,C26,Electronics,Mobile Charger,5,2911,14555,2025-02-05,Lahore,EasyPaisa,2
T561,C142,Home Appliances,Microwave,4,2135,8540,2025-11-12,Faisalabad,EasyPaisa,11
T562,C278,Grocery,Cooking Oil,2,2960,5920,2025-01-18,Multan,JazzCash,1
T563,C164,Clothing,Jeans,5,3321,16605,2025-01-01,Multan,Card,1
T564,C275,Grocery,Cooking Oil,1,4222,4222,2025-03-26,Faisalabad,Cash,3
T565,C146,Home Appliances,Blender,2,3108,6216,2025-11-23,Lahore,JazzCash,11
T566,C238,Clothing,T-Shirt,5,3899,19495,2025-10-10,Faisalabad,EasyPaisa,10
T567,C164,Electronics,Mobile Charger,5,2495,12475,2025-07-05,Faisalabad,EasyPaisa,7
T568,C177,Beauty,Face Wash,2,3224,6448,2025-09-28,Multan,Card,9
T569,C130,Grocery,Cooking Oil,5,2401,12005,2025-11-08,Faisalabad,EasyPaisa,11
T570,C27,Clothing,T-Shirt,2,812,1624,2025-02-05,Faisalabad,Cash,2
T571,C238,Electronics,Headphones,4,3978,15912,2025-07-25,Multan,Card,7
T572,C95,Electronics,Headphones,3,2533,7599,2025-11-07,Islamabad,JazzCash,11
T573,C162,Clothing,T-Shirt,5,1978,9890,2025-07-05,Multan,Card,7
T574,C86,Home Appliances,Microwave,5,1340,6700,2025-04-11,Islamabad,JazzCash,4
T575,C140,Home Appliances,Blender,5,4701,23505,2025-04-26,Karachi,JazzCash,4
T576,C46,Grocery,Rice Bag,4,4983,19932,2025-02-18,Islamabad,Cash,2
T577,C143,Clothing,T-Shirt,5,3482,17410,2025-06-06,Karachi,EasyPaisa,6
T578,C230,Clothing,Jeans,5,3233,16165,2025-08-10,Karachi,EasyPaisa,8
T579,C159,Clothing,Jeans,4,1793,7172,2025-01-18,Karachi,EasyPaisa,1
T580,C7,Electronics,Mobile Charger,2,2461,4922,2025-06-23,Faisalabad,Cash,6
T581,C177,Home Appliances,Blender,2,3735,7470,2025-06-08,Multan,Card,6
T582,C122,Electronics,Mobile Charger,2,3286,6572,2025-10-17,Faisalabad,Cash,10
T583,C105,Clothing,Jeans,2,3229,6458,2025-09-20,Faisalabad,Card,9
T584,C79,Home Appliances,Blender,4,2562,10248,2025-12-10,Islamabad,Card,12
T585,C295,Grocery,Rice Bag,4,1254,5016,2025-04-23,Karachi,JazzCash,4
T586,C1,Clothing,Jeans,5,1437,7185,2025-06-07,Islamabad,Cash,6
T587,C82,Electronics,Headphones,5,3891,19455,2025-07-14,Islamabad,Card,7
T588,C56,Electronics,Headphones,2,1625,3250,2025-10-06,Islamabad,JazzCash,10
T589,C266,Beauty,Face Wash,2,3497,6994,2025-03-31,Islamabad,EasyPaisa,3
T590,C254,Home Appliances,Microwave,2,2853,5706,2025-06-06,Karachi,Cash,6
T591,C261,Beauty,Face Wash,3,620,1860,2025-05-04,Lahore,EasyPaisa,5
T592,C13,Beauty,Face Wash,1,2450,2450,2025-06-24,Faisalabad,Card,6
T593,C28,Clothing,Jeans,1,1499,1499,2025-10-12,Islamabad,Card,10
T594,C226,Clothing,Jeans,5,1150,5750,2025-11-11,Faisalabad,JazzCash,11
T595,C119,Beauty,Face Wash,1,1045,1045,2025-06-22,Islamabad,Cash,6
T596,C298,Grocery,Rice Bag,1,3596,3596,2025-05-05,Karachi,EasyPaisa,5
T597,C59,Clothing,T-Shirt,5,4983,24915,2025-06-21,Multan,JazzCash,6
T598,C137,Electronics,Mobile Charger,4,1564,6256,2025-05-06,Karachi,Cash,5
T599,C158,Clothing,T-Shirt,5,1411,7055,2025-02-22,Faisalabad,EasyPaisa,2
T600,C141,Clothing,Jeans,1,1410,1410,2025-01-01,Faisalabad,Cash,1
T601,C285,Grocery,Rice Bag,3,1516,4548,2025-09-07,Faisalabad,Cash,9
T602,C41,Grocery,Cooking Oil,3,2346,7038,2025-12-12,Multan,Cash,12
T603,C192,Electronics,Mobile Charger,1,2617,2617,2025-05-27,Faisalabad,Card,5
T604,C165,Clothing,Jeans,5,1869,9345,2025-01-22,Lahore,Cash,1
T605,C242,Beauty,Perfume,2,2220,4440,2025-02-17,Multan,JazzCash,2
T606,C291,Home Appliances,Microwave,5,2368,11840,2025-07-15,Multan,Cash,7
T607,C97,Clothing,T-Shirt,5,3669,18345,2025-03-26,Islamabad,Card,3
T608,C43,Grocery,Rice Bag,5,965,4825,2025-06-18,Islamabad,Card,6
T609,C241,Grocery,Cooking Oil,3,1664,4992,2025-05-28,Lahore,JazzCash,5
T610,C29,Electronics,Headphones,2,1747,3494,2025-12-09,Lahore,JazzCash,12
T611,C189,Electronics,Mobile Charger,5,4935,24675,2025-03-27,Multan,Cash,3
T612,C76,Beauty,Face Wash,2,755,1510,2025-11-18,Faisalabad,JazzCash,11
T613,C132,Clothing,T-Shirt,2,4204,8408,2025-07-25,Karachi,Cash,7
T614,C151,Beauty,Perfume,4,4298,17192,2025-06-06,Multan,Card,6
T615,C204,Beauty,Face Wash,4,3049,12196,2025-06-05,Islamabad,Cash,6
T616,C231,Electronics,Headphones,3,612,1836,2025-03-16,Multan,Card,3
T617,C180,Home Appliances,Microwave,2,1756,3512,2025-08-16,Multan,Card,8
T618,C79,Home Appliances,Microwave,5,1166,5830,2025-07-14,Lahore,Cash,7
T619,C274,Beauty,Face Wash,5,4160,20800,2025-01-03,Faisalabad,Cash,1
T620,C117,Beauty,Face Wash,5,2647,13235,2025-08-18,Lahore,JazzCash,8
T621,C74,Clothing,Jeans,4,2921,11684,2025-02-05,Faisalabad,Card,2
T622,C208,Clothing,T-Shirt,5,1681,8405,2025-12-29,Multan,EasyPaisa,12
T623,C155,Grocery,Cooking Oil,4,4418,17672,2025-08-08,Lahore,Cash,8
T624,C156,Beauty,Face Wash,4,2869,11476,2025-05-12,Multan,Card,5
T625,C179,Electronics,Mobile Charger,4,4716,18864,2025-01-13,Faisalabad,Card,1
T626,C10,Grocery,Cooking Oil,5,909,4545,2025-10-23,Faisalabad,EasyPaisa,10
T627,C190,Home Appliances,Blender,3,1875,5625,2025-10-31,Lahore,EasyPaisa,10
T628,C80,Clothing,Jeans,3,3668,11004,2025-09-03,Multan,Card,9
T629,C17,Electronics,Mobile Charger,2,795,1590,2025-01-11,Lahore,EasyPaisa,1
T630,C201,Beauty,Face Wash,5,507,2535,2025-04-15,Multan,JazzCash,4
T631,C161,Clothing,Jeans,1,1080,1080,2025-08-03,Lahore,Cash,8
T632,C31,Beauty,Face Wash,4,3310,13240,2025-07-28,Faisalabad,JazzCash,7
T633,C61,Grocery,Rice Bag,5,3059,15295,2025-04-20,Multan,JazzCash,4
T634,C186,Clothing,T-Shirt,1,1196,1196,2025-06-26,Faisalabad,EasyPaisa,6
T635,C110,Home Appliances,Microwave,4,3938,15752,2025-01-10,Lahore,JazzCash,1
T636,C220,Beauty,Face Wash,4,2614,10456,2025-05-17,Faisalabad,JazzCash,5
T637,C32,Clothing,Jeans,3,1920,5760,2025-07-10,Multan,EasyPaisa,7
T638,C56,Electronics,Headphones,5,2949,14745,2025-09-12,Lahore,Cash,9
T639,C237,Grocery,Rice Bag,5,4547,22735,2025-03-12,Karachi,Cash,3
T640,C128,Beauty,Perfume,4,1020,4080,2025-02-10,Lahore,Cash,2
T641,C279,Beauty,Perfume,1,3437,3437,2025-05-04,Faisalabad,EasyPaisa,5
T642,C265,Home Appliances,Blender,4,2352,9408,2025-12-19,Faisalabad,Card,12
T643,C27,Beauty,Perfume,4,2701,10804,2025-06-16,Multan,Card,6
T644,C206,Clothing,T-Shirt,5,4267,21335,2025-03-01,Karachi,Card,3
T645,C49,Electronics,Headphones,1,628,628,2025-11-16,Lahore,EasyPaisa,11
T646,C100,Clothing,Jeans,1,4592,4592,2025-10-17,Karachi,Cash,10
T647,C206,Grocery,Cooking Oil,1,2889,2889,2025-01-31,Faisalabad,EasyPaisa,1
T648,C177,Grocery,Cooking Oil,5,1261,6305,2025-08-30,Karachi,Card,8
T649,C194,Beauty,Perfume,1,4924,4924,2025-01-15,Lahore,Cash,1
T650,C87,Home Appliances,Microwave,1,3678,3678,2025-11-25,Islamabad,Card,11
T651,C288,Grocery,Cooking Oil,3,1510,4530,2025-03-23,Karachi,EasyPaisa,3
T652,C158,Clothing,Jeans,4,2489,9956,2025-02-20,Multan,EasyPaisa,2
T653,C15,Electronics,Mobile Charger,2,2415,4830,2025-01-24,Lahore,Cash,1
T654,C106,Home Appliances,Microwave,5,4803,24015,2025-06-12,Islamabad,Card,6
T655,C210,Beauty,Face Wash,4,4132,16528,2025-04-16,Karachi,EasyPaisa,4
T656,C145,Clothing,Jeans,3,1456,4368,2025-04-14,Islamabad,Cash,4
T657,C295,Beauty,Perfume,4,2118,8472,2025-12-11,Faisalabad,Cash,12
T658,C76,Home Appliances,Microwave,1,549,549,2025-07-01,Lahore,Card,7
T659,C196,Grocery,Cooking Oil,2,934,1868,2025-09-30,Lahore,EasyPaisa,9
T660,C202,Home Appliances,Microwave,2,999,1998,2025-09-15,Islamabad,EasyPaisa,9
T661,C222,Home Appliances,Blender,3,4520,13560,2025-07-30,Faisalabad,Cash,7
T662,C237,Beauty,Perfume,5,1203,6015,2025-03-01,Faisalabad,EasyPaisa,3
T663,C78,Grocery,Cooking Oil,1,3261,3261,2025-06-12,Lahore,Cash,6
T664,C230,Clothing,T-Shirt,3,1718,5154,2025-07-31,Faisalabad,Cash,7
T665,C285,Electronics,Mobile Charger,4,3294,13176,2025-04-02,Multan,EasyPaisa,4
T666,C113,Clothing,T-Shirt,5,3257,16285,2025-11-23,Multan,EasyPaisa,11
T667,C279,Electronics,Headphones,1,3601,3601,2025-04-29,Lahore,EasyPaisa,4
T668,C41,Clothing,Jeans,1,539,539,2025-10-11,Lahore,JazzCash,10
T669,C40,Electronics,Mobile Charger,4,902,3608,2025-10-03,Karachi,Cash,10
T670,C40,Electronics,Headphones,3,2773,8319,2025-03-10,Faisalabad,EasyPaisa,3
T671,C210,Clothing,T-Shirt,2,3375,6750,2025-02-08,Lahore,EasyPaisa,2
T672,C111,Clothing,Jeans,1,3620,3620,2025-03-12,Karachi,Cash,3
T673,C109,Home Appliances,Blender,3,4866,14598,2025-05-19,Islamabad,JazzCash,5
T674,C91,Clothing,Jeans,2,3028,6056,2025-10-11,Karachi,JazzCash,10
T675,C298,Home Appliances,Microwave,4,1633,6532,2025-09-20,Lahore,Cash,9
T676,C115,Clothing,T-Shirt,3,1173,3519,2025-08-28,Lahore,JazzCash,8
T677,C38,Clothing,Jeans,2,3707,7414,2025-09-03,Karachi,Cash,9
T678,C282,Clothing,Jeans,1,4964,4964,2025-01-12,Multan,Card,1
T679,C275,Grocery,Rice Bag,1,3896,3896,2025-01-25,Multan,Cash,1
T680,C138,Grocery,Cooking Oil,2,2452,4904,2025-02-28,Multan,Cash,2
T681,C153,Clothing,Jeans,4,2187,8748,2025-12-27,Multan,Cash,12
T682,C56,Home Appliances,Microwave,3,1426,4278,2025-09-04,Faisalabad,Card,9
T683,C21,Electronics,Mobile Charger,5,4607,23035,2025-04-22,Karachi,JazzCash,4
T684,C297,Grocery,Rice Bag,1,4884,4884,2025-12-18,Lahore,JazzCash,12
T685,C284,Grocery,Rice Bag,4,4850,19400,2025-08-31,Lahore,Cash,8
T686,C150,Home Appliances,Microwave,5,895,4475,2025-04-26,Faisalabad,EasyPaisa,4
T687,C191,Home Appliances,Blender,1,2435,2435,2025-01-08,Lahore,Cash,1
T688,C25,Clothing,Jeans,5,1770,8850,2025-04-04,Multan,EasyPaisa,4
T689,C280,Home Appliances,Microwave,5,3373,16865,2025-03-04,Lahore,Card,3
T690,C37,Home Appliances,Blender,1,1852,1852,2025-11-04,Faisalabad,Card,11
T691,C285,Grocery,Rice Bag,4,919,3676,2025-08-08,Lahore,Cash,8
T692,C25,Home Appliances,Blender,3,1385,4155,2025-11-28,Faisalabad,Cash,11
T693,C223,Home Appliances,Blender,1,3822,3822,2025-07-16,Multan,EasyPaisa,7
T694,C127,Electronics,Headphones,3,1532,4596,2025-09-24,Islamabad,EasyPaisa,9
T695,C267,Beauty,Perfume,5,2493,12465,2025-11-02,Multan,Card,11
T696,C143,Beauty,Face Wash,3,615,1845,2025-12-28,Multan,Cash,12
T697,C299,Beauty,Perfume,1,4454,4454,2025-08-12,Lahore,JazzCash,8
T698,C112,Home Appliances,Blender,3,1876,5628,2025-11-06,Lahore,Cash,11
T699,C39,Electronics,Mobile Charger,4,2286,9144,2025-10-12,Karachi,JazzCash,10
T700,C32,Electronics,Headphones,1,3757,3757,2025-06-05,Multan,EasyPaisa,6
T701,C66,Home Appliances,Blender,3,2046,6138,2025-06-05,Islamabad,Cash,6
T702,C246,Electronics,Mobile Charger,4,2861,11444,2025-12-30,Faisalabad,Cash,12
T703,C61,Grocery,Rice Bag,3,1680,5040,2025-06-15,Islamabad,JazzCash,6
T704,C280,Clothing,T-Shirt,1,3870,3870,2025-12-22,Faisalabad,JazzCash,12
T705,C126,Grocery,Rice Bag,5,2922,14610,2025-06-01,Multan,EasyPaisa,6
T706,C110,Electronics,Headphones,1,4840,4840,2025-07-13,Faisalabad,JazzCash,7
T707,C3,Beauty,Face Wash,1,1078,1078,2025-02-06,Lahore,JazzCash,2
T708,C95,Home Appliances,Microwave,5,4230,21150,2025-12-27,Karachi,Card,12
T709,C52,Clothing,Jeans,2,922,1844,2025-02-21,Islamabad,Cash,2
T710,C85,Beauty,Perfume,3,4680,14040,2025-12-18,Faisalabad,Card,12
T711,C53,Beauty,Perfume,2,3377,6754,2025-02-04,Multan,EasyPaisa,2
T712,C258,Grocery,Rice Bag,5,1984,9920,2025-02-12,Karachi,Card,2
T713,C132,Home Appliances,Blender,4,4163,16652,2025-10-09,Lahore,JazzCash,10
T714,C279,Home Appliances,Blender,2,2228,4456,2025-10-29,Islamabad,Card,10
T715,C172,Electronics,Headphones,4,4091,16364,2025-04-04,Karachi,Card,4
T716,C295,Grocery,Cooking Oil,1,4143,4143,2025-03-07,Faisalabad,Card,3
T717,C276,Clothing,Jeans,2,1637,3274,2025-04-17,Karachi,Cash,4
T718,C107,Home Appliances,Microwave,4,2121,8484,2025-01-12,Lahore,EasyPaisa,1
T719,C201,Grocery,Cooking Oil,1,3855,3855,2025-03-31,Lahore,EasyPaisa,3
T720,C243,Home Appliances,Microwave,2,2912,5824,2025-09-01,Faisalabad,JazzCash,9
T721,C68,Electronics,Headphones,2,4223,8446,2025-12-14,Karachi,Cash,12
T722,C187,Home Appliances,Blender,2,4776,9552,2025-09-13,Multan,JazzCash,9
T723,C58,Grocery,Cooking Oil,1,2361,2361,2025-08-12,Faisalabad,EasyPaisa,8
T724,C138,Clothing,Jeans,2,1324,2648,2025-04-06,Lahore,Cash,4
T725,C282,Home Appliances,Blender,5,3785,18925,2025-11-12,Lahore,Card,11
T726,C237,Electronics,Mobile Charger,1,3671,3671,2025-10-18,Lahore,EasyPaisa,10
T727,C295,Grocery,Cooking Oil,4,2135,8540,2025-09-29,Faisalabad,EasyPaisa,9
T728,C226,Clothing,T-Shirt,2,778,1556,2025-02-02,Karachi,Card,2
T729,C299,Grocery,Cooking Oil,4,3980,15920,2025-03-31,Karachi,Card,3
T730,C191,Clothing,Jeans,4,560,2240,2025-04-18,Multan,Cash,4
T731,C247,Home Appliances,Blender,1,1662,1662,2025-11-13,Islamabad,Cash,11
T732,C126,Electronics,Headphones,1,4358,4358,2025-06-20,Karachi,JazzCash,6
T733,C155,Beauty,Perfume,5,946,4730,2025-05-06,Karachi,EasyPaisa,5
T734,C152,Clothing,T-Shirt,3,2059,6177,2025-02-16,Faisalabad,Cash,2
T735,C216,Beauty,Perfume,3,4142,12426,2025-08-10,Lahore,Card,8
T736,C4,Electronics,Mobile Charger,3,3342,10026,2025-12-13,Islamabad,JazzCash,12
T737,C114,Beauty,Face Wash,2,4504,9008,2025-06-05,Multan,JazzCash,6
T738,C89,Beauty,Perfume,2,2345,4690,2025-05-13,Lahore,EasyPaisa,5
T739,C58,Home Appliances,Microwave,5,3838,19190,2025-07-22,Lahore,EasyPaisa,7
T740,C27,Home Appliances,Blender,4,4844,19376,2025-05-11,Islamabad,Cash,5
T741,C251,Home Appliances,Microwave,4,3340,13360,2025-05-14,Lahore,EasyPaisa,5
T742,C63,Home Appliances,Microwave,1,1643,1643,2025-03-08,Karachi,EasyPaisa,3
T743,C108,Beauty,Perfume,2,1558,3116,2025-12-12,Multan,EasyPaisa,12
T744,C183,Grocery,Cooking Oil,3,4898,14694,2025-11-09,Lahore,Cash,11
T745,C62,Beauty,Face Wash,4,3289,13156,2025-02-16,Multan,Card,2
T746,C182,Beauty,Face Wash,1,3170,3170,2025-12-27,Islamabad,EasyPaisa,12
T747,C160,Electronics,Mobile Charger,5,2195,10975,2025-03-08,Lahore,EasyPaisa,3
T748,C224,Beauty,Perfume,3,1714,5142,2025-10-13,Lahore,Cash,10
T749,C224,Clothing,T-Shirt,1,2357,2357,2025-12-03,Islamabad,EasyPaisa,12
T750,C17,Clothing,Jeans,2,3563,7126,2025-05-27,Faisalabad,Card,5
T751,C160,Electronics,Mobile Charger,5,4332,21660,2025-06-02,Islamabad,Card,6
T752,C76,Grocery,Cooking Oil,2,2036,4072,2025-07-29,Multan,Card,7
T753,C185,Grocery,Cooking Oil,3,4952,14856,2025-09-27,Faisalabad,Cash,9
T754,C137,Grocery,Rice Bag,4,4051,16204,2025-03-31,Lahore,JazzCash,3
T755,C273,Home Appliances,Blender,2,3100,6200,2025-11-09,Karachi,JazzCash,11
T756,C114,Electronics,Headphones,4,4533,18132,2025-02-22,Islamabad,Card,2
T757,C299,Home Appliances,Blender,4,4388,17552,2025-05-18,Lahore,Card,5
T758,C20,Grocery,Rice Bag,5,2917,14585,2025-04-10,Karachi,JazzCash,4
T759,C214,Grocery,Rice Bag,2,2333,4666,2025-09-18,Multan,EasyPaisa,9
T760,C192,Beauty,Perfume,2,2729,5458,2025-10-26,Multan,Card,10
T761,C239,Beauty,Face Wash,2,2700,5400,2025-10-14,Multan,Cash,10
T762,C222,Grocery,Rice Bag,4,927,3708,2025-01-03,Islamabad,EasyPaisa,1
T763,C216,Grocery,Rice Bag,1,4935,4935,2025-05-19,Multan,Cash,5
T764,C57,Home Appliances,Blender,4,2914,11656,2025-11-23,Islamabad,Cash,11
T765,C127,Beauty,Perfume,2,2903,5806,2025-01-11,Lahore,JazzCash,1
T766,C203,Clothing,Jeans,1,1636,1636,2025-06-22,Islamabad,EasyPaisa,6
T767,C187,Grocery,Cooking Oil,3,1225,3675,2025-12-05,Multan,Card,12
T768,C274,Electronics,Mobile Charger,3,3784,11352,2025-04-12,Islamabad,Cash,4
T769,C150,Electronics,Mobile Charger,4,1323,5292,2025-07-01,Faisalabad,EasyPaisa,7
T770,C192,Clothing,T-Shirt,5,649,3245,2025-07-28,Lahore,JazzCash,7
T771,C204,Beauty,Face Wash,3,4018,12054,2025-12-26,Faisalabad,JazzCash,12
T772,C198,Beauty,Perfume,2,4374,8748,2025-07-13,Karachi,JazzCash,7
T773,C83,Electronics,Headphones,3,3507,10521,2025-05-24,Faisalabad,Cash,5
T774,C82,Home Appliances,Microwave,2,909,1818,2025-07-19,Islamabad,Card,7
T775,C164,Grocery,Rice Bag,5,1854,9270,2025-07-16,Karachi,Cash,7
T776,C32,Electronics,Mobile Charger,5,988,4940,2025-07-06,Islamabad,Cash,7
T777,C234,Grocery,Rice Bag,3,3118,9354,2025-07-30,Islamabad,JazzCash,7
T778,C233,Electronics,Mobile Charger,1,1474,1474,2025-11-01,Karachi,JazzCash,11
T779,C113,Home Appliances,Microwave,1,2622,2622,2025-01-30,Faisalabad,Cash,1
T780,C191,Beauty,Perfume,5,1575,7875,2025-07-08,Karachi,JazzCash,7
T781,C210,Grocery,Cooking Oil,2,4789,9578,2025-08-15,Lahore,Card,8
T782,C165,Beauty,Face Wash,3,2749,8247,2025-06-30,Islamabad,JazzCash,6
T783,C54,Clothing,T-Shirt,1,1407,1407,2025-11-07,Lahore,JazzCash,11
T784,C251,Home Appliances,Blender,5,1629,8145,2025-11-25,Lahore,EasyPaisa,11
T785,C186,Electronics,Headphones,3,4042,12126,2025-03-30,Multan,EasyPaisa,3
T786,C253,Home Appliances,Microwave,1,1922,1922,2025-04-07,Islamabad,Cash,4
T787,C79,Beauty,Perfume,3,1395,4185,2025-02-14,Faisalabad,Card,2
T788,C55,Clothing,Jeans,5,2349,11745,2025-06-09,Lahore,JazzCash,6
T789,C240,Grocery,Cooking Oil,1,1601,1601,2025-12-11,Faisalabad,JazzCash,12
T790,C151,Beauty,Face Wash,3,3293,9879,2025-02-01,Karachi,Cash,2
T791,C191,Home Appliances,Blender,5,4269,21345,2025-10-28,Faisalabad,JazzCash,10
T792,C233,Electronics,Mobile Charger,4,4822,19288,2025-04-05,Multan,Cash,4
T793,C21,Beauty,Face Wash,3,1531,4593,2025-09-19,Multan,Card,9
T794,C229,Beauty,Face Wash,2,4398,8796,2025-07-08,Karachi,Card,7
T795,C207,Beauty,Face Wash,2,4779,9558,2025-12-27,Islamabad,Cash,12
T796,C55,Home Appliances,Blender,1,3484,3484,2025-12-02,Karachi,EasyPaisa,12
T797,C15,Beauty,Perfume,5,868,4340,2025-08-21,Karachi,EasyPaisa,8
T798,C209,Clothing,Jeans,1,2372,2372,2025-09-08,Islamabad,Cash,9
T799,C232,Beauty,Perfume,2,1922,3844,2025-02-05,Islamabad,JazzCash,2
T800,C278,Beauty,Face Wash,1,2879,2879,2025-02-11,Multan,Cash,2
T801,C273,Clothing,T-Shirt,2,2098,4196,2025-11-03,Faisalabad,Cash,11
T802,C44,Grocery,Cooking Oil,4,849,3396,2025-12-09,Lahore,EasyPaisa,12
T803,C130,Home Appliances,Blender,2,4869,9738,2025-09-09,Islamabad,EasyPaisa,9
T804,C42,Home Appliances,Blender,4,675,2700,2025-07-09,Multan,JazzCash,7
T805,C76,Electronics,Mobile Charger,5,2125,10625,2026-01-01,Lahore,EasyPaisa,1
T806,C50,Home Appliances,Microwave,1,4553,4553,2025-07-04,Karachi,EasyPaisa,7
T807,C214,Grocery,Rice Bag,3,1447,4341,2025-05-24,Lahore,Card,5
T808,C290,Grocery,Rice Bag,5,3640,18200,2025-03-06,Lahore,EasyPaisa,3
T809,C262,Clothing,Jeans,1,718,718,2025-12-31,Lahore,EasyPaisa,12
T810,C85,Beauty,Face Wash,3,4939,14817,2025-02-09,Karachi,Cash,2
T811,C16,Grocery,Rice Bag,4,532,2128,2025-09-11,Multan,JazzCash,9
T812,C184,Home Appliances,Microwave,4,1608,6432,2025-12-14,Karachi,EasyPaisa,12
T813,C192,Home Appliances,Microwave,5,3619,18095,2025-10-06,Faisalabad,Cash,10
T814,C44,Clothing,Jeans,5,1145,5725,2025-01-27,Karachi,JazzCash,1
T815,C122,Grocery,Cooking Oil,1,3432,3432,2025-04-30,Multan,JazzCash,4
T816,C82,Beauty,Perfume,3,3122,9366,2025-01-29,Karachi,EasyPaisa,1
T817,C24,Clothing,T-Shirt,5,2121,10605,2025-07-12,Islamabad,Cash,7
T818,C4,Clothing,Jeans,4,4773,19092,2025-06-01,Lahore,JazzCash,6
T819,C32,Grocery,Cooking Oil,4,4529,18116,2025-04-08,Karachi,Card,4
T820,C284,Grocery,Cooking Oil,1,1431,1431,2025-06-13,Faisalabad,JazzCash,6
T821,C276,Home Appliances,Blender,1,1214,1214,2025-05-27,Lahore,Card,5
T822,C252,Electronics,Headphones,5,4120,20600,2025-12-30,Lahore,EasyPaisa,12
T823,C98,Clothing,Jeans,3,3740,11220,2025-01-10,Multan,JazzCash,1
T824,C288,Clothing,T-Shirt,5,4430,22150,2025-11-14,Karachi,Card,11
T825,C76,Home Appliances,Blender,4,1232,4928,2025-11-26,Lahore,Card,11
T826,C61,Clothing,T-Shirt,3,3123,9369,2025-10-14,Karachi,EasyPaisa,10
T827,C64,Clothing,T-Shirt,4,3069,12276,2025-07-25,Faisalabad,JazzCash,7
T828,C70,Home Appliances,Blender,5,3470,17350,2025-02-20,Islamabad,EasyPaisa,2
T829,C258,Grocery,Cooking Oil,2,1855,3710,2025-07-12,Multan,Card,7
T830,C244,Clothing,T-Shirt,1,3349,3349,2025-01-16,Multan,JazzCash,1
T831,C225,Electronics,Headphones,3,4118,12354,2025-02-10,Islamabad,JazzCash,2
T832,C98,Beauty,Face Wash,1,2483,2483,2025-04-25,Faisalabad,JazzCash,4
T833,C65,Electronics,Headphones,2,679,1358,2025-06-20,Lahore,JazzCash,6
T834,C192,Electronics,Mobile Charger,2,4226,8452,2025-08-11,Karachi,JazzCash,8
T835,C13,Electronics,Mobile Charger,2,1191,2382,2025-01-20,Faisalabad,JazzCash,1
T836,C113,Electronics,Headphones,1,1239,1239,2025-02-20,Karachi,EasyPaisa,2
T837,C273,Beauty,Face Wash,3,4654,13962,2025-04-06,Faisalabad,JazzCash,4
T838,C212,Electronics,Mobile Charger,3,2096,6288,2025-04-27,Lahore,Cash,4
T839,C272,Electronics,Headphones,2,3841,7682,2025-11-04,Lahore,EasyPaisa,11
T840,C31,Grocery,Cooking Oil,4,1591,6364,2025-01-24,Multan,JazzCash,1
T841,C195,Clothing,Jeans,5,1171,5855,2025-09-04,Faisalabad,Card,9
T842,C142,Clothing,Jeans,5,3175,15875,2025-07-16,Faisalabad,Cash,7
T843,C274,Home Appliances,Blender,5,1862,9310,2025-02-07,Multan,Card,2
T844,C102,Electronics,Headphones,4,1924,7696,2025-01-04,Islamabad,EasyPaisa,1
T845,C107,Clothing,Jeans,5,4265,21325,2025-12-08,Lahore,Card,12
T846,C242,Beauty,Face Wash,5,4836,24180,2025-07-19,Karachi,Card,7
T847,C137,Beauty,Perfume,3,2972,8916,2025-12-08,Multan,EasyPaisa,12
T848,C210,Beauty,Perfume,5,4735,23675,2025-07-13,Multan,EasyPaisa,7
T849,C125,Home Appliances,Blender,3,1305,3915,2025-07-02,Faisalabad,Card,7
T850,C289,Home Appliances,Blender,2,996,1992,2025-08-31,Multan,EasyPaisa,8
T851,C127,Home Appliances,Microwave,3,1396,4188,2025-04-23,Faisalabad,Cash,4
T852,C284,Beauty,Perfume,3,3456,10368,2025-02-12,Faisalabad,Cash,2
T853,C56,Grocery,Rice Bag,3,3459,10377,2025-10-26,Karachi,Card,10
T854,C270,Grocery,Rice Bag,4,971,3884,2025-11-30,Lahore,JazzCash,11
T855,C207,Grocery,Cooking Oil,1,2282,2282,2025-03-19,Islamabad,JazzCash,3
T856,C74,Home Appliances,Blender,3,4089,12267,2025-08-05,Lahore,Cash,8
T857,C101,Home Appliances,Microwave,3,1690,5070,2025-12-02,Lahore,JazzCash,12
T858,C243,Clothing,Jeans,2,2922,5844,2025-09-05,Multan,Card,9
T859,C87,Home Appliances,Microwave,5,827,4135,2025-12-07,Islamabad,EasyPaisa,12
T860,C222,Beauty,Face Wash,4,740,2960,2025-11-19,Karachi,JazzCash,11
T861,C155,Clothing,T-Shirt,1,1953,1953,2025-12-29,Multan,Cash,12
T862,C164,Clothing,T-Shirt,2,3212,6424,2025-04-17,Karachi,Cash,4
T863,C69,Electronics,Mobile Charger,4,3375,13500,2025-10-31,Faisalabad,Card,10
T864,C144,Grocery,Rice Bag,3,4273,12819,2025-08-07,Lahore,Card,8
T865,C169,Grocery,Cooking Oil,4,4035,16140,2025-11-01,Faisalabad,Card,11
T866,C29,Home Appliances,Microwave,4,4340,17360,2025-04-09,Faisalabad,EasyPaisa,4
T867,C181,Beauty,Face Wash,2,1448,2896,2025-10-02,Karachi,Cash,10
T868,C128,Grocery,Rice Bag,4,1015,4060,2025-02-04,Karachi,Card,2
T869,C233,Grocery,Cooking Oil,1,4973,4973,2025-02-15,Lahore,Card,2
T870,C272,Beauty,Face Wash,2,3243,6486,2025-05-20,Multan,JazzCash,5
T871,C24,Electronics,Mobile Charger,5,2417,12085,2025-08-07,Karachi,Card,8
T872,C53,Beauty,Perfume,4,957,3828,2025-05-30,Lahore,Cash,5
T873,C154,Grocery,Cooking Oil,3,1128,3384,2025-01-17,Islamabad,JazzCash,1
T874,C108,Clothing,T-Shirt,3,3222,9666,2025-04-29,Multan,JazzCash,4
T875,C99,Beauty,Perfume,2,2329,4658,2025-01-02,Lahore,Cash,1
T876,C223,Electronics,Mobile Charger,5,2512,12560,2025-10-16,Faisalabad,EasyPaisa,10
T877,C23,Grocery,Cooking Oil,2,1768,3536,2025-06-30,Multan,EasyPaisa,6
T878,C41,Beauty,Perfume,2,4752,9504,2025-08-15,Multan,Cash,8
T879,C133,Clothing,Jeans,3,2073,6219,2025-05-06,Faisalabad,EasyPaisa,5
T880,C123,Grocery,Rice Bag,5,1789,8945,2025-05-15,Faisalabad,EasyPaisa,5
T881,C127,Clothing,T-Shirt,4,4071,16284,2025-12-09,Multan,Cash,12
T882,C214,Clothing,Jeans,5,2196,10980,2025-11-16,Faisalabad,Cash,11
T883,C97,Electronics,Headphones,5,1707,8535,2025-05-01,Karachi,Card,5
T884,C300,Home Appliances,Microwave,5,3786,18930,2025-10-19,Faisalabad,Cash,10
T885,C123,Electronics,Mobile Charger,1,3847,3847,2025-08-03,Faisalabad,JazzCash,8
T886,C91,Grocery,Rice Bag,2,2282,4564,2025-12-09,Lahore,Cash,12
T887,C3,Grocery,Rice Bag,3,2736,8208,2025-06-30,Faisalabad,JazzCash,6
T888,C183,Grocery,Rice Bag,4,4049,16196,2025-06-10,Karachi,Cash,6
T889,C162,Grocery,Cooking Oil,5,1206,6030,2025-07-11,Lahore,JazzCash,7
T890,C4,Home Appliances,Blender,5,2738,13690,2025-02-03,Karachi,EasyPaisa,2
T891,C179,Electronics,Headphones,2,1745,3490,2025-10-23,Multan,Cash,10
T892,C86,Clothing,T-Shirt,5,4325,21625,2025-01-12,Islamabad,EasyPaisa,1
T893,C289,Grocery,Cooking Oil,1,2693,2693,2025-11-10,Lahore,EasyPaisa,11
T894,C165,Grocery,Rice Bag,5,4969,24845,2025-06-17,Karachi,JazzCash,6
T895,C201,Beauty,Perfume,4,4367,17468,2025-05-30,Lahore,Cash,5
T896,C224,Electronics,Headphones,5,2520,12600,2025-08-17,Islamabad,Cash,8
T897,C75,Grocery,Rice Bag,5,4189,20945,2025-04-08,Karachi,EasyPaisa,4
T898,C232,Grocery,Cooking Oil,1,4900,4900,2025-12-14,Lahore,EasyPaisa,12
T899,C100,Home Appliances,Blender,1,1688,1688,2025-11-03,Islamabad,JazzCash,11
T900,C91,Grocery,Cooking Oil,4,2962,11848,2025-06-02,Lahore,Card,6
T901,C275,Beauty,Perfume,4,2080,8320,2025-10-09,Multan,Cash,10
T902,C213,Home Appliances,Blender,1,4328,4328,2025-11-14,Lahore,Cash,11
T903,C36,Electronics,Mobile Charger,4,3457,13828,2025-01-21,Multan,JazzCash,1
T904,C155,Grocery,Cooking Oil,2,3163,6326,2025-11-10,Multan,Card,11
T905,C220,Beauty,Face Wash,1,4321,4321,2025-04-07,Faisalabad,JazzCash,4
T906,C126,Home Appliances,Blender,1,4372,4372,2025-01-15,Karachi,Cash,1
T907,C215,Beauty,Perfume,1,2612,2612,2025-08-01,Islamabad,JazzCash,8
T908,C26,Clothing,Jeans,4,3637,14548,2025-06-27,Multan,EasyPaisa,6
T909,C8,Grocery,Rice Bag,1,3797,3797,2025-07-04,Lahore,Card,7
T910,C106,Clothing,Jeans,3,3960,11880,2025-12-08,Islamabad,Cash,12
T911,C91,Grocery,Cooking Oil,4,2563,10252,2025-05-12,Islamabad,Cash,5
T912,C223,Home Appliances,Blender,2,4947,9894,2025-11-24,Karachi,EasyPaisa,11
T913,C193,Electronics,Mobile Charger,2,4862,9724,2025-07-25,Lahore,Card,7
T914,C58,Clothing,T-Shirt,3,1434,4302,2025-08-20,Lahore,Card,8
T915,C85,Clothing,T-Shirt,1,2939,2939,2025-02-01,Karachi,EasyPaisa,2
T916,C79,Grocery,Cooking Oil,4,3570,14280,2025-09-28,Karachi,Card,9
T917,C233,Home Appliances,Blender,1,1892,1892,2025-04-16,Multan,JazzCash,4
T918,C166,Grocery,Cooking Oil,1,4637,4637,2025-05-10,Lahore,Card,5
T919,C95,Clothing,T-Shirt,4,4162,16648,2025-01-17,Lahore,EasyPaisa,1
T920,C272,Home Appliances,Blender,5,4590,22950,2025-07-10,Islamabad,Card,7
T921,C114,Clothing,T-Shirt,3,2042,6126,2025-09-11,Faisalabad,Cash,9
T922,C244,Grocery,Rice Bag,1,1055,1055,2025-11-22,Islamabad,Card,11
T923,C173,Grocery,Rice Bag,4,626,2504,2025-10-13,Karachi,Card,10
T924,C114,Home Appliances,Microwave,2,2307,4614,2025-03-19,Lahore,EasyPaisa,3
T925,C169,Beauty,Perfume,2,2628,5256,2025-03-16,Islamabad,JazzCash,3
T926,C195,Electronics,Headphones,4,2873,11492,2025-04-14,Islamabad,JazzCash,4
T927,C11,Electronics,Mobile Charger,5,810,4050,2025-12-01,Islamabad,Card,12
T928,C170,Home Appliances,Blender,1,1881,1881,2025-01-12,Islamabad,EasyPaisa,1
T929,C211,Beauty,Perfume,5,1888,9440,2025-12-09,Lahore,Card,12
T930,C239,Clothing,Jeans,4,2595,10380,2025-12-10,Lahore,Cash,12
T931,C205,Beauty,Face Wash,3,2985,8955,2025-03-09,Multan,Card,3
T932,C189,Home Appliances,Blender,3,3599,10797,2026-01-01,Faisalabad,EasyPaisa,1
T933,C246,Grocery,Cooking Oil,1,3286,3286,2025-04-28,Islamabad,JazzCash,4
T934,C16,Beauty,Face Wash,5,2339,11695,2025-04-05,Islamabad,Card,4
T935,C47,Electronics,Headphones,4,4752,19008,2025-05-13,Faisalabad,EasyPaisa,5
T936,C242,Clothing,T-Shirt,2,2597,5194,2025-12-03,Faisalabad,Card,12
T937,C159,Beauty,Perfume,1,2434,2434,2025-11-06,Karachi,Card,11
T938,C27,Beauty,Face Wash,5,3381,16905,2025-12-23,Faisalabad,Cash,12
T939,C260,Electronics,Headphones,2,3626,7252,2025-04-30,Islamabad,JazzCash,4
T940,C3,Beauty,Perfume,3,1036,3108,2025-04-17,Karachi,EasyPaisa,4
T941,C273,Clothing,T-Shirt,3,3257,9771,2025-08-26,Faisalabad,EasyPaisa,8
T942,C11,Electronics,Mobile Charger,3,502,1506,2025-07-05,Lahore,EasyPaisa,7
T943,C79,Clothing,T-Shirt,4,3342,13368,2025-11-09,Faisalabad,EasyPaisa,11
T944,C153,Electronics,Headphones,3,4911,14733,2025-06-30,Faisalabad,Card,6
T945,C290,Electronics,Mobile Charger,3,3441,10323,2025-12-16,Faisalabad,EasyPaisa,12
T946,C79,Clothing,Jeans,5,1781,8905,2025-07-21,Lahore,Cash,7
T947,C21,Home Appliances,Blender,5,4293,21465,2025-04-13,Karachi,Card,4
T948,C229,Electronics,Mobile Charger,1,1072,1072,2025-05-28,Multan,EasyPaisa,5
T949,C44,Beauty,Perfume,5,822,4110,2025-01-15,Multan,Cash,1
T950,C250,Clothing,T-Shirt,2,4432,8864,2025-06-10,Islamabad,EasyPaisa,6
T951,C250,Beauty,Face Wash,4,2118,8472,2025-05-23,Faisalabad,JazzCash,5
T952,C74,Electronics,Mobile Charger,3,1199,3597,2025-01-25,Faisalabad,Card,1
T953,C195,Grocery,Cooking Oil,3,4562,13686,2025-11-04,Karachi,Card,11
T954,C14,Clothing,T-Shirt,3,3614,10842,2025-07-16,Lahore,Card,7
T955,C127,Grocery,Cooking Oil,5,3620,18100,2025-08-01,Faisalabad,Cash,8
T956,C179,Grocery,Rice Bag,1,1498,1498,2025-05-20,Faisalabad,EasyPaisa,5
T957,C40,Electronics,Headphones,2,1563,3126,2025-09-17,Islamabad,Cash,9
T958,C287,Clothing,Jeans,4,2787,11148,2025-05-04,Lahore,EasyPaisa,5
T959,C36,Beauty,Face Wash,3,1471,4413,2025-09-01,Islamabad,EasyPaisa,9
T960,C288,Electronics,Headphones,2,3198,6396,2025-09-30,Islamabad,Cash,9
T961,C214,Electronics,Headphones,2,3418,6836,2025-12-09,Multan,Cash,12
T962,C161,Electronics,Headphones,4,4884,19536,2025-08-21,Islamabad,EasyPaisa,8
T963,C25,Home Appliances,Microwave,1,1643,1643,2025-08-09,Islamabad,EasyPaisa,8
T964,C44,Grocery,Cooking Oil,3,1977,5931,2025-03-24,Karachi,JazzCash,3
T965,C70,Grocery,Cooking Oil,5,2374,11870,2025-04-14,Karachi,Cash,4
T966,C228,Clothing,T-Shirt,1,1319,1319,2025-10-16,Islamabad,Cash,10
T967,C35,Home Appliances,Microwave,3,4189,12567,2025-12-23,Multan,Cash,12
T968,C16,Electronics,Headphones,2,578,1156,2025-01-10,Islamabad,JazzCash,1
T969,C81,Grocery,Cooking Oil,5,1720,8600,2025-11-04,Islamabad,Card,11
T970,C299,Home Appliances,Microwave,5,4038,20190,2025-12-18,Islamabad,JazzCash,12
T971,C124,Home Appliances,Blender,5,1569,7845,2025-01-31,Faisalabad,Cash,1
T972,C88,Clothing,T-Shirt,4,2994,11976,2025-06-15,Karachi,Card,6
T973,C222,Grocery,Rice Bag,3,3977,11931,2025-03-15,Multan,Card,3
T974,C294,Electronics,Mobile Charger,1,2015,2015,2025-05-07,Islamabad,EasyPaisa,5
T975,C163,Beauty,Face Wash,3,3333,9999,2025-05-06,Lahore,JazzCash,5
T976,C216,Home Appliances,Microwave,3,2526,7578,2025-11-28,Karachi,JazzCash,11
T977,C216,Electronics,Headphones,5,2374,11870,2025-09-01,Faisalabad,EasyPaisa,9
T978,C284,Clothing,T-Shirt,5,3367,16835,2025-03-26,Multan,EasyPaisa,3
T979,C89,Grocery,Rice Bag,1,4757,4757,2025-09-03,Karachi,Card,9
T980,C292,Electronics,Mobile Charger,1,3680,3680,2025-12-30,Faisalabad,EasyPaisa,12
T981,C215,Home Appliances,Blender,1,4825,4825,2025-06-21,Islamabad,EasyPaisa,6
T982,C117,Beauty,Perfume,5,4371,21855,2025-12-26,Multan,EasyPaisa,12
T983,C249,Clothing,Jeans,1,1175,1175,2025-06-08,Islamabad,Cash,6
T984,C201,Electronics,Mobile Charger,2,2360,4720,2025-09-23,Lahore,Card,9
T985,C133,Electronics,Headphones,1,1185,1185,2025-01-26,Multan,JazzCash,1
T986,C143,Clothing,T-Shirt,4,4633,18532,2025-01-16,Islamabad,Cash,1
T987,C273,Grocery,Rice Bag,2,4432,8864,2025-07-19,Islamabad,EasyPaisa,7
T988,C281,Home Appliances,Microwave,4,1414,5656,2025-07-08,Lahore,Cash,7
T989,C91,Grocery,Cooking Oil,1,3923,3923,2025-06-18,Lahore,Cash,6
T990,C39,Beauty,Face Wash,5,4023,20115,2025-12-04,Faisalabad,JazzCash,12
T991,C102,Grocery,Rice Bag,2,2872,5744,2025-11-06,Lahore,JazzCash,11
T992,C10,Beauty,Perfume,1,2049,2049,2025-09-12,Lahore,Card,9
T993,C203,Home Appliances,Microwave,5,3479,17395,2025-12-08,Lahore,Cash,12
T994,C247,Grocery,Cooking Oil,4,3695,14780,2025-12-16,Faisalabad,JazzCash,12
T995,C170,Home Appliances,Microwave,3,1890,5670,2025-06-27,Islamabad,JazzCash,6
T996,C274,Electronics,Mobile Charger,5,809,4045,2025-09-21,Karachi,JazzCash,9
T997,C228,Electronics,Mobile Charger,3,685,2055,2025-07-27,Multan,JazzCash,7
T998,C244,Electronics,Headphones,1,2210,2210,2025-12-01,Karachi,Card,12
T999,C26,Grocery,Rice Bag,1,3438,3438,2025-06-28,Multan,JazzCash,6
T1000,C210,Electronics,Headphones,1,3807,3807,2025-08-15,Faisalabad,Cash,8
